Workbook
Name DV_NAMED_LIST_RANGES_0: #REF!
Name DV_NAMED_LIST_RANGES_1: #REF!
Name DV_NAMED_LIST_RANGES_2: #REF!
Name DV_NAMED_LIST_RANGES_3: #REF!
Name DV_NAMED_LIST_RANGES_4: #REF!
Name DV_NAMED_LIST_RANGES_5: #REF!
Name DV_NAMED_LIST_RANGES_6: #REF!

Sheet Instructions
A1: Fri Feb 5 09:22:50 2021 | D1: 1612279831 | E1: 10 | F1: Instructions: en_US
A2: Bids-2021-02-05 09.22AM
A3: Mars - Mars Global Ocean Tender 2021
A4: Item Type | B4: Filters Applied | C4: Items
A5: Lanes | B5: (none) | C5: 1405 of 1405
A7: Instructions
A9: Instructions
A11: It is recommended that you do not wait until the last day of bidding
A12: to first upload your bid sheet. A test upload may help you identify
A13: any mistakes you are making early in the process and reduce the risk of
A14: errors when submitting your bids before the deadline.
A16: BID Upload:
A18: The buyer in this event has provided bidders with additional rate sheets
A19: to facilitate and supplement line item bidding. When providing bidding
A20: information, please use the provided tabs and follow any inserted buyer
A21: instructions. You will see your entered values reflected in the line
A22: item bids on the Item tabs. This is informational only, bids should be
... A33: that are saved in our system.

Sheet BID_Lanes
A1: Item ID | B1: Lane ID | C1: Item Quantity | D1: Item Code | E1: Jaggaer Identifier | F1: Route Status | G1: Movement Type | H1: Container Type | I1: From Town | J1: Preferred Port/Ramp/ICD of Loading | K1: Origin Zip Code | L1: From Country | M1: From Region | N1: Origin BAF Region | O1: To Town | P1: Preferred Port/Ramp/ICD Discharge | Q1: Destination Zip Code | R1: To Country | S1: To Region | T1: Destination BAF Region | U1: Commodity | V1: Incoterm | W1: Freight terms - prepaid or collect | X1: Where is DTHC to be paid? | Y1: Gen-set needed for Origin inland transport | Z1: Gen-set needed for Destination inland transport | AA1: Multi-modal precarriage allowed? | AB1: Containers | AC1: Prepopulated Weekly Volume | AD1: If weekly volume is seasonal,Select Yes and include % split in the next columns | AE1: Q3'21 ( July'21- Sep'21) | AF1: Q4'21 ( Oct'21- Dec'21) | AG1: Q1'22 ( Jan'22- Mar'22) | AH1: Q2'22 ( Apr'22- Jun'22) | AI1: Is OIC MICH? Yes/No | AJ1: Port of LOADING demurrage Carriers Quote in calendar days | AK1: Port of LOADING detention Carriers Quote in calendar days | AL1: Port of LOADING combined demurrage/ detention Quote in calendar days | AM1: Specific Requirements at Origin | AN1: Port of DISCHARGE demurrage Carriers Quote in calendar days | AO1: Port of DISCHARGE detention Carriers Quote in calendar days | AP1: Port of DISCHARGE combined demurrage/ detention Quote in calendar days | AQ1: Specific Requirements at Destination | AR1: BAF Trade Coefficient | AS1: Bid Currency* | AT1: OIC Per Load (USD) - 6 months validity | AU1: OTHC Per Load (USD) - 6 months validity | AV1: Ocean Freight Per Load (USD) - 6 months validity | AW1: Bunker element - BAF (USD) - 6 months validity | AX1: DTHC Per Load (USD) - 6 months validity | AY1: DIC Per Load (USD) - 6 months validity | AZ1: Total Load Price - Port - Port (USD) - 6 months validity | BA1: Total Load Price incl inland charges (USD) - 6 months validity | BB1: OIC Per Load (USD) - 12 months validity | BC1: OTHC Per Load (USD)- 12 months validity | BD1: Ocean Freight Per Load (USD)- 12 months validity | BE1: Bunker element - BAF (USD)- 12 months validity | BF1: DTHC Per Load (USD) - 12 months validity | BG1: DIC Per Load (USD)- 12 months validity | BH1: Total Load Price - Port - Port (USD)- 12 months validity | BI1: Total Load Price incl inland charges (USD)- 12 months validity | BJ1: Service offered for this lane | BK1: Port of loading (if different to preferred) | BL1: Port of discharge (if different to preferred) | BM1: Direct / Indirect service (Please use Drop Down) | BN1: Trans Shipment Ports | BO1: Containers Per Voyage | BP1: Voyages Per Month | BQ1: How is destination port terminal storage invoiced (carrier or terminal?) | BR1: Precarriage transit time in days (Enter Whole Number) | BS1: Port-port transit time in days (Enter Whole Number) | BT1: Oncarriage transit time in days (Enter Whole Number) | BU1: Total Transit Time in Days | BV1: Max Net Weight Per Load in tons | BW1: Mode of transport offered for precarriage (Please Use Drop Down) | BX1: Mode of transport offered for oncarriage (Please Use Drop Down) | BY1: Comments by carriers per bid | BZ1: Can all dest. charges(includ. local port dues,taxes etc)be prepaid if required? | CA1: No of free hours offered for loading at origin | CB1: Hourly rate after waiting time exceeded at orgin | CC1: No of free hours offered for unloading at destination | CD1: Hourly rate after waiting time exceeded at destination | CE1: POL DEMURRAGE Carriers Quote in calendar days | CF1: POL DETENTION Carriers Quote in calendar days | CG1: POL COMBINED demurrage/ detention Quote in calendar days | CH1: POL post freetime Demurrage charge per day (USD) | CI1: POL post freetime Detention charge per day (USD) | CJ1: POL Combined post freetime charge per day (USD) | CK1: POD DEMURRAGE Carriers Quote in calendar days | CL1: POD DETENTION Carriers Quote in calendar days | CM1: POD COMBINED demurrage/ detention Quote in calendar days | CN1: POD post freetime Demurrage charge per day (USD) | CO1: POD post freetime Detention charge per day (USD) | CP1: POD Combined post freetime charge per day (USD) | CQ1: Delete | CR1: Item Type ID: 1 | CS1: sheet name: Lanes
A2: 1406 | B2: 1089 | C2: 1 | D2: 101 | E2: 101 | F2: Existing | G2: Port to Port | H2: 20' DV | I2: Makassar | J2: Makassar | L2: Indonesia | M2: APAC | N2: Far East | O2: Xingang | P2: Xingang/Tianjin | R2: China | S2: APAC | T2: Far East | U2: Cocoa Liquor | V2: CFR | W2: Prepaid | X2: Sending Unit | AA2: Yes | AB2: 60 | AC2: 2 | AD2: No | AE2: 0.25 | AF2: 0.25 | AG2: 0.25 | AH2: 0.25 | AI2: No | AJ2: 14 | AK2: 14 | AL2: 0 | AN2: 14 | AO2: 10 | AP2: 24 | AR2: 0.1 | AS2: USD | AT2: =IF(ISBLANK(Lanes!AO2),"",ROUND(Lanes!AO2,2)) | AU2: =IF(ISBLANK(Lanes!AP2),"",ROUND(Lanes!AP2,2)) | AV2: =IF(ISBLANK(Lanes!AQ2),"",ROUND(Lanes!AQ2,2)) | AW2: =IF(ISBLANK(Lanes!AP2),"",ROUND(Lanes!AR2,2)) | AX2: =IF(ISBLANK(Lanes!AS2),"",ROUND(Lanes!AS2,2)) | AY2: =IF(ISBLANK(Lanes!AT2),"",ROUND(Lanes!AT2,2)) | AZ2: =IF(ISBLANK(Lanes!AP2),"",ROUND(Lanes!AU2,2)) | BA2: =IF(ISBLANK(Lanes!AP2),"",ROUND(Lanes!AV2,2)) | BB2: =IF(ISBLANK(Lanes!AW2),"",ROUND(Lanes!AW2,2)) | BC2: =IF(ISBLANK(Lanes!AX2),"",ROUND(Lanes!AX2,2)) | BD2: =IF(ISBLANK(Lanes!AY2),"",ROUND(Lanes!AY2,2)) | BE2: =IF(ISBLANK(Lanes!AX2),"",ROUND(Lanes!AZ2,2)) | BF2: =IF(ISBLANK(Lanes!BA2),"",ROUND(Lanes!BA2,2)) | BG2: =IF(ISBLANK(Lanes!BB2),"",ROUND(Lanes!BB2,2)) | BH2: =IF(ISBLANK(Lanes!AX2),"",ROUND(Lanes!BC2,2)) | BI2: =IF(ISBLANK(Lanes!AX2),"",ROUND(Lanes!BD2,2)) | BJ2: =IF(ISBLANK(Lanes!BE2),"",Lanes!BE2) | BK2: =IF(ISBLANK(Lanes!BF2),"",Lanes!BF2) | BL2: =IF(ISBLANK(Lanes!BG2),"",Lanes!BG2) | BM2: =IF(ISBLANK(Lanes!BH2),"",Lanes!BH2) | BN2: =IF(ISBLANK(Lanes!BI2),"",Lanes!BI2) | BO2: =IF(ISBLANK(Lanes!BJ2),"",Lanes!BJ2) | BP2: =IF(ISBLANK(Lanes!BK2),"",Lanes!BK2) | BQ2: =IF(ISBLANK(Lanes!BL2),"",Lanes!BL2) | BR2: =IF(ISBLANK(Lanes!BM2),"",ROUND(Lanes!BM2,0)) | BS2: =IF(ISBLANK(Lanes!BN2),"",ROUND(Lanes!BN2,0)) | BT2: =IF(ISBLANK(Lanes!BO2),"",ROUND(Lanes!BO2,0)) | BU2: =IF(ISBLANK(Lanes!BN2),"",ROUND(Lanes!BP2,0)) | BV2: =IF(ISBLANK(Lanes!BQ2),"",ROUND(Lanes!BQ2,1)) | BW2: =IF(ISBLANK(Lanes!BR2),"",Lanes!BR2) | BX2: =IF(ISBLANK(Lanes!BS2),"",Lanes!BS2) | BY2: =IF(ISBLANK(Lanes!BT2),"",Lanes!BT2) | BZ2: =IF(ISBLANK(Lanes!BU2),"",Lanes!BU2) | CA2: =IF(ISBLANK(Lanes!BV2),"",ROUND(Lanes!BV2,1)) | CB2: =IF(ISBLANK(Lanes!BW2),"",ROUND(Lanes!BW2,2)) | CC2: =IF(ISBLANK(Lanes!BX2),"",ROUND(Lanes!BX2,1)) | CD2: =IF(ISBLANK(Lanes!BY2),"",ROUND(Lanes!BY2,2)) | CE2: =IF(ISBLANK(Lanes!BZ2),"",ROUND(Lanes!BZ2,0)) | CF2: =IF(ISBLANK(Lanes!CA2),"",ROUND(Lanes!CA2,0)) | CG2: =IF(ISBLANK(Lanes!CB2),"",ROUND(Lanes!CB2,0)) | CH2: =IF(ISBLANK(Lanes!CC2),"",ROUND(Lanes!CC2,2)) | CI2: =IF(ISBLANK(Lanes!CD2),"",ROUND(Lanes!CD2,2)) | CJ2: =IF(ISBLANK(Lanes!CE2),"",ROUND(Lanes!CE2,2)) | CK2: =IF(ISBLANK(Lanes!CF2),"",ROUND(Lanes!CF2,0)) | CL2: =IF(ISBLANK(Lanes!CG2),"",ROUND(Lanes!CG2,0)) | CM2: =IF(ISBLANK(Lanes!CH2),"",ROUND(Lanes!CH2,0)) | CN2: =IF(ISBLANK(Lanes!CI2),"",ROUND(Lanes!CI2,2)) | CO2: =IF(ISBLANK(Lanes!CJ2),"",ROUND(Lanes!CJ2,2)) | CP2: =IF(ISBLANK(Lanes!CK2),"",ROUND(Lanes!CK2,2)) | CQ2: =IF(ISBLANK(Lanes!CL2),"","delete")
A3: 1407 | B3: 1090 | C3: 1 | D3: 102 | E3: 102 | F3: Existing | G3: Port to Port | H3: 20' DV | I3: Makassar | J3: Makassar | L3: Indonesia | M3: APAC | N3: Far East | O3: Shanghai | P3: Shanghai | R3: China | S3: APAC | T3: Far East | U3: Cocoa Liquor | V3: CFR | W3: Prepaid | X3: Sending Unit | AA3: Yes | AB3: 140 | AC3: 3 | AD3: No | AE3: 0.25 | AF3: 0.25 | AG3: 0.25 | AH3: 0.25 | AI3: No | AJ3: 14 | AK3: 14 | AL3: 0 | AN3: 0 | AO3: 0 | AP3: 21 | AR3: 0.1 | AS3: USD | AT3: =IF(ISBLANK(Lanes!AO3),"",ROUND(Lanes!AO3,2)) | AU3: =IF(ISBLANK(Lanes!AP3),"",ROUND(Lanes!AP3,2)) | AV3: =IF(ISBLANK(Lanes!AQ3),"",ROUND(Lanes!AQ3,2)) | AW3: =IF(ISBLANK(Lanes!AP3),"",ROUND(Lanes!AR3,2)) | AX3: =IF(ISBLANK(Lanes!AS3),"",ROUND(Lanes!AS3,2)) | AY3: =IF(ISBLANK(Lanes!AT3),"",ROUND(Lanes!AT3,2)) | AZ3: =IF(ISBLANK(Lanes!AP3),"",ROUND(Lanes!AU3,2)) | BA3: =IF(ISBLANK(Lanes!AP3),"",ROUND(Lanes!AV3,2)) | BB3: =IF(ISBLANK(Lanes!AW3),"",ROUND(Lanes!AW3,2)) | BC3: =IF(ISBLANK(Lanes!AX3),"",ROUND(Lanes!AX3,2)) | BD3: =IF(ISBLANK(Lanes!AY3),"",ROUND(Lanes!AY3,2)) | BE3: =IF(ISBLANK(Lanes!AX3),"",ROUND(Lanes!AZ3,2)) | BF3: =IF(ISBLANK(Lanes!BA3),"",ROUND(Lanes!BA3,2)) | BG3: =IF(ISBLANK(Lanes!BB3),"",ROUND(Lanes!BB3,2)) | BH3: =IF(ISBLANK(Lanes!AX3),"",ROUND(Lanes!BC3,2)) | BI3: =IF(ISBLANK(Lanes!AX3),"",ROUND(Lanes!BD3,2)) | BJ3: =IF(ISBLANK(Lanes!BE3),"",Lanes!BE3) | BK3: =IF(ISBLANK(Lanes!BF3),"",Lanes!BF3) | BL3: =IF(ISBLANK(Lanes!BG3),"",Lanes!BG3) | BM3: =IF(ISBLANK(Lanes!BH3),"",Lanes!BH3) | BN3: =IF(ISBLANK(Lanes!BI3),"",Lanes!BI3) | BO3: =IF(ISBLANK(Lanes!BJ3),"",Lanes!BJ3) | BP3: =IF(ISBLANK(Lanes!BK3),"",Lanes!BK3) | BQ3: =IF(ISBLANK(Lanes!BL3),"",Lanes!BL3) | BR3: =IF(ISBLANK(Lanes!BM3),"",ROUND(Lanes!BM3,0)) | BS3: =IF(ISBLANK(Lanes!BN3),"",ROUND(Lanes!BN3,0)) | BT3: =IF(ISBLANK(Lanes!BO3),"",ROUND(Lanes!BO3,0)) | BU3: =IF(ISBLANK(Lanes!BN3),"",ROUND(Lanes!BP3,0)) | BV3: =IF(ISBLANK(Lanes!BQ3),"",ROUND(Lanes!BQ3,1)) | BW3: =IF(ISBLANK(Lanes!BR3),"",Lanes!BR3) | BX3: =IF(ISBLANK(Lanes!BS3),"",Lanes!BS3) | BY3: =IF(ISBLANK(Lanes!BT3),"",Lanes!BT3) | BZ3: =IF(ISBLANK(Lanes!BU3),"",Lanes!BU3) | CA3: =IF(ISBLANK(Lanes!BV3),"",ROUND(Lanes!BV3,1)) | CB3: =IF(ISBLANK(Lanes!BW3),"",ROUND(Lanes!BW3,2)) | CC3: =IF(ISBLANK(Lanes!BX3),"",ROUND(Lanes!BX3,1)) | CD3: =IF(ISBLANK(Lanes!BY3),"",ROUND(Lanes!BY3,2)) | CE3: =IF(ISBLANK(Lanes!BZ3),"",ROUND(Lanes!BZ3,0)) | CF3: =IF(ISBLANK(Lanes!CA3),"",ROUND(Lanes!CA3,0)) | CG3: =IF(ISBLANK(Lanes!CB3),"",ROUND(Lanes!CB3,0)) | CH3: =IF(ISBLANK(Lanes!CC3),"",ROUND(Lanes!CC3,2)) | CI3: =IF(ISBLANK(Lanes!CD3),"",ROUND(Lanes!CD3,2)) | CJ3: =IF(ISBLANK(Lanes!CE3),"",ROUND(Lanes!CE3,2)) | CK3: =IF(ISBLANK(Lanes!CF3),"",ROUND(Lanes!CF3,0)) | CL3: =IF(ISBLANK(Lanes!CG3),"",ROUND(Lanes!CG3,0)) | CM3: =IF(ISBLANK(Lanes!CH3),"",ROUND(Lanes!CH3,0)) | CN3: =IF(ISBLANK(Lanes!CI3),"",ROUND(Lanes!CI3,2)) | CO3: =IF(ISBLANK(Lanes!CJ3),"",ROUND(Lanes!CJ3,2)) | CP3: =IF(ISBLANK(Lanes!CK3),"",ROUND(Lanes!CK3,2)) | CQ3: =IF(ISBLANK(Lanes!CL3),"","delete")
A4: 1408 | B4: 1093 | C4: 1 | D4: 103 | E4: 103 | F4: Existing | G4: Port to Port | H4: 20' RF | I4: Shanghai | J4: Shanghai | L4: China | M4: APAC | N4: Far East | O4: Bangkok | P4: Bangkok (Pat/Lat Krabang/Laem Chabang) | R4: Thailand | S4: APAC | T4: Far East | U4: Confectionary | V4: FOB | W4: Collect | X4: Receiving Unit | AA4: Yes | AB4: 10 | AC4: 1 | AD4: No | AE4: 0.25 | AF4: 0.25 | AG4: 0.25 | AH4: 0.25 | AI4: No | AJ4: 10 | AK4: 7 | AL4: 17 | AN4: 10 | AO4: 7 | AP4: 17 | AR4: 0.1 | AS4: USD | AT4: =IF(ISBLANK(Lanes!AO4),"",ROUND(Lanes!AO4,2)) | AU4: =IF(ISBLANK(Lanes!AP4),"",ROUND(Lanes!AP4,2)) | AV4: =IF(ISBLANK(Lanes!AQ4),"",ROUND(Lanes!AQ4,2)) | AW4: =IF(ISBLANK(Lanes!AP4),"",ROUND(Lanes!AR4,2)) | AX4: =IF(ISBLANK(Lanes!AS4),"",ROUND(Lanes!AS4,2)) | AY4: =IF(ISBLANK(Lanes!AT4),"",ROUND(Lanes!AT4,2)) | AZ4: =IF(ISBLANK(Lanes!AP4),"",ROUND(Lanes!AU4,2)) | BA4: =IF(ISBLANK(Lanes!AP4),"",ROUND(Lanes!AV4,2)) | BB4: =IF(ISBLANK(Lanes!AW4),"",ROUND(Lanes!AW4,2)) | BC4: =IF(ISBLANK(Lanes!AX4),"",ROUND(Lanes!AX4,2)) | BD4: =IF(ISBLANK(Lanes!AY4),"",ROUND(Lanes!AY4,2)) | BE4: =IF(ISBLANK(Lanes!AX4),"",ROUND(Lanes!AZ4,2)) | BF4: =IF(ISBLANK(Lanes!BA4),"",ROUND(Lanes!BA4,2)) | BG4: =IF(ISBLANK(Lanes!BB4),"",ROUND(Lanes!BB4,2)) | BH4: =IF(ISBLANK(Lanes!AX4),"",ROUND(Lanes!BC4,2)) | BI4: =IF(ISBLANK(Lanes!AX4),"",ROUND(Lanes!BD4,2)) | BJ4: =IF(ISBLANK(Lanes!BE4),"",Lanes!BE4) | BK4: =IF(ISBLANK(Lanes!BF4),"",Lanes!BF4) | BL4: =IF(ISBLANK(Lanes!BG4),"",Lanes!BG4) | BM4: =IF(ISBLANK(Lanes!BH4),"",Lanes!BH4) | BN4: =IF(ISBLANK(Lanes!BI4),"",Lanes!BI4) | BO4: =IF(ISBLANK(Lanes!BJ4),"",Lanes!BJ4) | BP4: =IF(ISBLANK(Lanes!BK4),"",Lanes!BK4) | BQ4: =IF(ISBLANK(Lanes!BL4),"",Lanes!BL4) | BR4: =IF(ISBLANK(Lanes!BM4),"",ROUND(Lanes!BM4,0)) | BS4: =IF(ISBLANK(Lanes!BN4),"",ROUND(Lanes!BN4,0)) | BT4: =IF(ISBLANK(Lanes!BO4),"",ROUND(Lanes!BO4,0)) | BU4: =IF(ISBLANK(Lanes!BN4),"",ROUND(Lanes!BP4,0)) | BV4: =IF(ISBLANK(Lanes!BQ4),"",ROUND(Lanes!BQ4,1)) | BW4: =IF(ISBLANK(Lanes!BR4),"",Lanes!BR4) | BX4: =IF(ISBLANK(Lanes!BS4),"",Lanes!BS4) | BY4: =IF(ISBLANK(Lanes!BT4),"",Lanes!BT4) | BZ4: =IF(ISBLANK(Lanes!BU4),"",Lanes!BU4) | CA4: =IF(ISBLANK(Lanes!BV4),"",ROUND(Lanes!BV4,1)) | CB4: =IF(ISBLANK(Lanes!BW4),"",ROUND(Lanes!BW4,2)) | CC4: =IF(ISBLANK(Lanes!BX4),"",ROUND(Lanes!BX4,1)) | CD4: =IF(ISBLANK(Lanes!BY4),"",ROUND(Lanes!BY4,2)) | CE4: =IF(ISBLANK(Lanes!BZ4),"",ROUND(Lanes!BZ4,0)) | CF4: =IF(ISBLANK(Lanes!CA4),"",ROUND(Lanes!CA4,0)) | CG4: =IF(ISBLANK(Lanes!CB4),"",ROUND(Lanes!CB4,0)) | CH4: =IF(ISBLANK(Lanes!CC4),"",ROUND(Lanes!CC4,2)) | CI4: =IF(ISBLANK(Lanes!CD4),"",ROUND(Lanes!CD4,2)) | CJ4: =IF(ISBLANK(Lanes!CE4),"",ROUND(Lanes!CE4,2)) | CK4: =IF(ISBLANK(Lanes!CF4),"",ROUND(Lanes!CF4,0)) | CL4: =IF(ISBLANK(Lanes!CG4),"",ROUND(Lanes!CG4,0)) | CM4: =IF(ISBLANK(Lanes!CH4),"",ROUND(Lanes!CH4,0)) | CN4: =IF(ISBLANK(Lanes!CI4),"",ROUND(Lanes!CI4,2)) | CO4: =IF(ISBLANK(Lanes!CJ4),"",ROUND(Lanes!CJ4,2)) | CP4: =IF(ISBLANK(Lanes!CK4),"",ROUND(Lanes!CK4,2)) | CQ4: =IF(ISBLANK(Lanes!CL4),"","delete")
A5: 1409 | B5: 1094 | C5: 1 | D5: 104 | E5: 104 | F5: Existing | G5: Port to Port | H5: 40' RF | I5: Shanghai | J5: Shanghai | L5: China | M5: APAC | N5: Far East | O5: Bangkok | P5: Bangkok (Pat/Lat Krabang/Laem Chabang) | R5: Thailand | S5: APAC | T5: Far East | U5: Confectionary | V5: FOB | W5: Collect | X5: Receiving Unit | AA5: Yes | AB5: 70 | AC5: 2 | AD5: No | AE5: 0.25 | AF5: 0.25 | AG5: 0.25 | AH5: 0.25 | AI5: No | AJ5: 10 | AK5: 7 | AL5: 17 | AN5: 10 | AO5: 7 | AP5: 17 | AR5: 0.1 | AS5: USD | AT5: =IF(ISBLANK(Lanes!AO5),"",ROUND(Lanes!AO5,2)) | AU5: =IF(ISBLANK(Lanes!AP5),"",ROUND(Lanes!AP5,2)) | AV5: =IF(ISBLANK(Lanes!AQ5),"",ROUND(Lanes!AQ5,2)) | AW5: =IF(ISBLANK(Lanes!AP5),"",ROUND(Lanes!AR5,2)) | AX5: =IF(ISBLANK(Lanes!AS5),"",ROUND(Lanes!AS5,2)) | AY5: =IF(ISBLANK(Lanes!AT5),"",ROUND(Lanes!AT5,2)) | AZ5: =IF(ISBLANK(Lanes!AP5),"",ROUND(Lanes!AU5,2)) | BA5: =IF(ISBLANK(Lanes!AP5),"",ROUND(Lanes!AV5,2)) | BB5: =IF(ISBLANK(Lanes!AW5),"",ROUND(Lanes!AW5,2)) | BC5: =IF(ISBLANK(Lanes!AX5),"",ROUND(Lanes!AX5,2)) | BD5: =IF(ISBLANK(Lanes!AY5),"",ROUND(Lanes!AY5,2)) | BE5: =IF(ISBLANK(Lanes!AX5),"",ROUND(Lanes!AZ5,2)) | BF5: =IF(ISBLANK(Lanes!BA5),"",ROUND(Lanes!BA5,2)) | BG5: =IF(ISBLANK(Lanes!BB5),"",ROUND(Lanes!BB5,2)) | BH5: =IF(ISBLANK(Lanes!AX5),"",ROUND(Lanes!BC5,2)) | BI5: =IF(ISBLANK(Lanes!AX5),"",ROUND(Lanes!BD5,2)) | BJ5: =IF(ISBLANK(Lanes!BE5),"",Lanes!BE5) | BK5: =IF(ISBLANK(Lanes!BF5),"",Lanes!BF5) | BL5: =IF(ISBLANK(Lanes!BG5),"",Lanes!BG5) | BM5: =IF(ISBLANK(Lanes!BH5),"",Lanes!BH5) | BN5: =IF(ISBLANK(Lanes!BI5),"",Lanes!BI5) | BO5: =IF(ISBLANK(Lanes!BJ5),"",Lanes!BJ5) | BP5: =IF(ISBLANK(Lanes!BK5),"",Lanes!BK5) | BQ5: =IF(ISBLANK(Lanes!BL5),"",Lanes!BL5) | BR5: =IF(ISBLANK(Lanes!BM5),"",ROUND(Lanes!BM5,0)) | BS5: =IF(ISBLANK(Lanes!BN5),"",ROUND(Lanes!BN5,0)) | BT5: =IF(ISBLANK(Lanes!BO5),"",ROUND(Lanes!BO5,0)) | BU5: =IF(ISBLANK(Lanes!BN5),"",ROUND(Lanes!BP5,0)) | BV5: =IF(ISBLANK(Lanes!BQ5),"",ROUND(Lanes!BQ5,1)) | BW5: =IF(ISBLANK(Lanes!BR5),"",Lanes!BR5) | BX5: =IF(ISBLANK(Lanes!BS5),"",Lanes!BS5) | BY5: =IF(ISBLANK(Lanes!BT5),"",Lanes!BT5) | BZ5: =IF(ISBLANK(Lanes!BU5),"",Lanes!BU5) | CA5: =IF(ISBLANK(Lanes!BV5),"",ROUND(Lanes!BV5,1)) | CB5: =IF(ISBLANK(Lanes!BW5),"",ROUND(Lanes!BW5,2)) | CC5: =IF(ISBLANK(Lanes!BX5),"",ROUND(Lanes!BX5,1)) | CD5: =IF(ISBLANK(Lanes!BY5),"",ROUND(Lanes!BY5,2)) | CE5: =IF(ISBLANK(Lanes!BZ5),"",ROUND(Lanes!BZ5,0)) | CF5: =IF(ISBLANK(Lanes!CA5),"",ROUND(Lanes!CA5,0)) | CG5: =IF(ISBLANK(Lanes!CB5),"",ROUND(Lanes!CB5,0)) | CH5: =IF(ISBLANK(Lanes!CC5),"",ROUND(Lanes!CC5,2)) | CI5: =IF(ISBLANK(Lanes!CD5),"",ROUND(Lanes!CD5,2)) | CJ5: =IF(ISBLANK(Lanes!CE5),"",ROUND(Lanes!CE5,2)) | CK5: =IF(ISBLANK(Lanes!CF5),"",ROUND(Lanes!CF5,0)) | CL5: =IF(ISBLANK(Lanes!CG5),"",ROUND(Lanes!CG5,0)) | CM5: =IF(ISBLANK(Lanes!CH5),"",ROUND(Lanes!CH5,0)) | CN5: =IF(ISBLANK(Lanes!CI5),"",ROUND(Lanes!CI5,2)) | CO5: =IF(ISBLANK(Lanes!CJ5),"",ROUND(Lanes!CJ5,2)) | CP5: =IF(ISBLANK(Lanes!CK5),"",ROUND(Lanes!CK5,2)) | CQ5: =IF(ISBLANK(Lanes!CL5),"","delete")
A6: 1410 | B6: 1095 | C6: 1 | D6: 105 | E6: 105 | F6: Existing | G6: Port to Port | H6: 20' RF | I6: Shanghai | J6: Shanghai | L6: China | M6: APAC | N6: Far East | O6: Ho Chi Minh | P6: Cat Lai | R6: Vietnam | S6: APAC | T6: Far East | U6: Confectionary | V6: FOB | W6: Collect | X6: Receiving Unit | AA6: Yes | AB6: 5 | AC6: 1 | AD6: No | AE6: 0.25 | AF6: 0.25 | AG6: 0.25 | AH6: 0.25 | AI6: No | AJ6: 10 | AK6: 7 | AL6: 17 | AN6: 10 | AO6: 7 | AP6: 17 | AR6: 0.1 | AS6: USD | AT6: =IF(ISBLANK(Lanes!AO6),"",ROUND(Lanes!AO6,2)) | AU6: =IF(ISBLANK(Lanes!AP6),"",ROUND(Lanes!AP6,2)) | AV6: =IF(ISBLANK(Lanes!AQ6),"",ROUND(Lanes!AQ6,2)) | AW6: =IF(ISBLANK(Lanes!AP6),"",ROUND(Lanes!AR6,2)) | AX6: =IF(ISBLANK(Lanes!AS6),"",ROUND(Lanes!AS6,2)) | AY6: =IF(ISBLANK(Lanes!AT6),"",ROUND(Lanes!AT6,2)) | AZ6: =IF(ISBLANK(Lanes!AP6),"",ROUND(Lanes!AU6,2)) | BA6: =IF(ISBLANK(Lanes!AP6),"",ROUND(Lanes!AV6,2)) | BB6: =IF(ISBLANK(Lanes!AW6),"",ROUND(Lanes!AW6,2)) | BC6: =IF(ISBLANK(Lanes!AX6),"",ROUND(Lanes!AX6,2)) | BD6: =IF(ISBLANK(Lanes!AY6),"",ROUND(Lanes!AY6,2)) | BE6: =IF(ISBLANK(Lanes!AX6),"",ROUND(Lanes!AZ6,2)) | BF6: =IF(ISBLANK(Lanes!BA6),"",ROUND(Lanes!BA6,2)) | BG6: =IF(ISBLANK(Lanes!BB6),"",ROUND(Lanes!BB6,2)) | BH6: =IF(ISBLANK(Lanes!AX6),"",ROUND(Lanes!BC6,2)) | BI6: =IF(ISBLANK(Lanes!AX6),"",ROUND(Lanes!BD6,2)) | BJ6: =IF(ISBLANK(Lanes!BE6),"",Lanes!BE6) | BK6: =IF(ISBLANK(Lanes!BF6),"",Lanes!BF6) | BL6: =IF(ISBLANK(Lanes!BG6),"",Lanes!BG6) | BM6: =IF(ISBLANK(Lanes!BH6),"",Lanes!BH6) | BN6: =IF(ISBLANK(Lanes!BI6),"",Lanes!BI6) | BO6: =IF(ISBLANK(Lanes!BJ6),"",Lanes!BJ6) | BP6: =IF(ISBLANK(Lanes!BK6),"",Lanes!BK6) | BQ6: =IF(ISBLANK(Lanes!BL6),"",Lanes!BL6) | BR6: =IF(ISBLANK(Lanes!BM6),"",ROUND(Lanes!BM6,0)) | BS6: =IF(ISBLANK(Lanes!BN6),"",ROUND(Lanes!BN6,0)) | BT6: =IF(ISBLANK(Lanes!BO6),"",ROUND(Lanes!BO6,0)) | BU6: =IF(ISBLANK(Lanes!BN6),"",ROUND(Lanes!BP6,0)) | BV6: =IF(ISBLANK(Lanes!BQ6),"",ROUND(Lanes!BQ6,1)) | BW6: =IF(ISBLANK(Lanes!BR6),"",Lanes!BR6) | BX6: =IF(ISBLANK(Lanes!BS6),"",Lanes!BS6) | BY6: =IF(ISBLANK(Lanes!BT6),"",Lanes!BT6) | BZ6: =IF(ISBLANK(Lanes!BU6),"",Lanes!BU6) | CA6: =IF(ISBLANK(Lanes!BV6),"",ROUND(Lanes!BV6,1)) | CB6: =IF(ISBLANK(Lanes!BW6),"",ROUND(Lanes!BW6,2)) | CC6: =IF(ISBLANK(Lanes!BX6),"",ROUND(Lanes!BX6,1)) | CD6: =IF(ISBLANK(Lanes!BY6),"",ROUND(Lanes!BY6,2)) | CE6: =IF(ISBLANK(Lanes!BZ6),"",ROUND(Lanes!BZ6,0)) | CF6: =IF(ISBLANK(Lanes!CA6),"",ROUND(Lanes!CA6,0)) | CG6: =IF(ISBLANK(Lanes!CB6),"",ROUND(Lanes!CB6,0)) | CH6: =IF(ISBLANK(Lanes!CC6),"",ROUND(Lanes!CC6,2)) | CI6: =IF(ISBLANK(Lanes!CD6),"",ROUND(Lanes!CD6,2)) | CJ6: =IF(ISBLANK(Lanes!CE6),"",ROUND(Lanes!CE6,2)) | CK6: =IF(ISBLANK(Lanes!CF6),"",ROUND(Lanes!CF6,0)) | CL6: =IF(ISBLANK(Lanes!CG6),"",ROUND(Lanes!CG6,0)) | CM6: =IF(ISBLANK(Lanes!CH6),"",ROUND(Lanes!CH6,0)) | CN6: =IF(ISBLANK(Lanes!CI6),"",ROUND(Lanes!CI6,2)) | CO6: =IF(ISBLANK(Lanes!CJ6),"",ROUND(Lanes!CJ6,2)) | CP6: =IF(ISBLANK(Lanes!CK6),"",ROUND(Lanes!CK6,2)) | CQ6: =IF(ISBLANK(Lanes!CL6),"","delete")
A7: 1411 | B7: 1096 | C7: 1 | D7: 106 | E7: 106 | F7: Existing | G7: Port to Port | H7: 40' RF | I7: Shanghai | J7: Shanghai | L7: China | M7: APAC | N7: Far East | O7: Ho Chi Minh | P7: Cat Lai | R7: Vietnam | S7: APAC | T7: Far East | U7: Confectionary | V7: FOB | W7: Collect | X7: Receiving Unit | AA7: Yes | AB7: 45 | AC7: 1 | AD7: No | AE7: 0.25 | AF7: 0.25 | AG7: 0.25 | AH7: 0.25 | AI7: No | AJ7: 10 | AK7: 7 | AL7: 17 | AN7: 10 | AO7: 7 | AP7: 17 | AR7: 0.1 | AS7: USD | AT7: =IF(ISBLANK(Lanes!AO7),"",ROUND(Lanes!AO7,2)) | AU7: =IF(ISBLANK(Lanes!AP7),"",ROUND(Lanes!AP7,2)) | AV7: =IF(ISBLANK(Lanes!AQ7),"",ROUND(Lanes!AQ7,2)) | AW7: =IF(ISBLANK(Lanes!AP7),"",ROUND(Lanes!AR7,2)) | AX7: =IF(ISBLANK(Lanes!AS7),"",ROUND(Lanes!AS7,2)) | AY7: =IF(ISBLANK(Lanes!AT7),"",ROUND(Lanes!AT7,2)) | AZ7: =IF(ISBLANK(Lanes!AP7),"",ROUND(Lanes!AU7,2)) | BA7: =IF(ISBLANK(Lanes!AP7),"",ROUND(Lanes!AV7,2)) | BB7: =IF(ISBLANK(Lanes!AW7),"",ROUND(Lanes!AW7,2)) | BC7: =IF(ISBLANK(Lanes!AX7),"",ROUND(Lanes!AX7,2)) | BD7: =IF(ISBLANK(Lanes!AY7),"",ROUND(Lanes!AY7,2)) | BE7: =IF(ISBLANK(Lanes!AX7),"",ROUND(Lanes!AZ7,2)) | BF7: =IF(ISBLANK(Lanes!BA7),"",ROUND(Lanes!BA7,2)) | BG7: =IF(ISBLANK(Lanes!BB7),"",ROUND(Lanes!BB7,2)) | BH7: =IF(ISBLANK(Lanes!AX7),"",ROUND(Lanes!BC7,2)) | BI7: =IF(ISBLANK(Lanes!AX7),"",ROUND(Lanes!BD7,2)) | BJ7: =IF(ISBLANK(Lanes!BE7),"",Lanes!BE7) | BK7: =IF(ISBLANK(Lanes!BF7),"",Lanes!BF7) | BL7: =IF(ISBLANK(Lanes!BG7),"",Lanes!BG7) | BM7: =IF(ISBLANK(Lanes!BH7),"",Lanes!BH7) | BN7: =IF(ISBLANK(Lanes!BI7),"",Lanes!BI7) | BO7: =IF(ISBLANK(Lanes!BJ7),"",Lanes!BJ7) | BP7: =IF(ISBLANK(Lanes!BK7),"",Lanes!BK7) | BQ7: =IF(ISBLANK(Lanes!BL7),"",Lanes!BL7) | BR7: =IF(ISBLANK(Lanes!BM7),"",ROUND(Lanes!BM7,0)) | BS7: =IF(ISBLANK(Lanes!BN7),"",ROUND(Lanes!BN7,0)) | BT7: =IF(ISBLANK(Lanes!BO7),"",ROUND(Lanes!BO7,0)) | BU7: =IF(ISBLANK(Lanes!BN7),"",ROUND(Lanes!BP7,0)) | BV7: =IF(ISBLANK(Lanes!BQ7),"",ROUND(Lanes!BQ7,1)) | BW7: =IF(ISBLANK(Lanes!BR7),"",Lanes!BR7) | BX7: =IF(ISBLANK(Lanes!BS7),"",Lanes!BS7) | BY7: =IF(ISBLANK(Lanes!BT7),"",Lanes!BT7) | BZ7: =IF(ISBLANK(Lanes!BU7),"",Lanes!BU7) | CA7: =IF(ISBLANK(Lanes!BV7),"",ROUND(Lanes!BV7,1)) | CB7: =IF(ISBLANK(Lanes!BW7),"",ROUND(Lanes!BW7,2)) | CC7: =IF(ISBLANK(Lanes!BX7),"",ROUND(Lanes!BX7,1)) | CD7: =IF(ISBLANK(Lanes!BY7),"",ROUND(Lanes!BY7,2)) | CE7: =IF(ISBLANK(Lanes!BZ7),"",ROUND(Lanes!BZ7,0)) | CF7: =IF(ISBLANK(Lanes!CA7),"",ROUND(Lanes!CA7,0)) | CG7: =IF(ISBLANK(Lanes!CB7),"",ROUND(Lanes!CB7,0)) | CH7: =IF(ISBLANK(Lanes!CC7),"",ROUND(Lanes!CC7,2)) | CI7: =IF(ISBLANK(Lanes!CD7),"",ROUND(Lanes!CD7,2)) | CJ7: =IF(ISBLANK(Lanes!CE7),"",ROUND(Lanes!CE7,2)) | CK7: =IF(ISBLANK(Lanes!CF7),"",ROUND(Lanes!CF7,0)) | CL7: =IF(ISBLANK(Lanes!CG7),"",ROUND(Lanes!CG7,0)) | CM7: =IF(ISBLANK(Lanes!CH7),"",ROUND(Lanes!CH7,0)) | CN7: =IF(ISBLANK(Lanes!CI7),"",ROUND(Lanes!CI7,2)) | CO7: =IF(ISBLANK(Lanes!CJ7),"",ROUND(Lanes!CJ7,2)) | CP7: =IF(ISBLANK(Lanes!CK7),"",ROUND(Lanes!CK7,2)) | CQ7: =IF(ISBLANK(Lanes!CL7),"","delete")
A8: 1412 | B8: 1097 | C8: 1 | D8: 107 | E8: 107 | F8: Existing | G8: Port to Port | H8: 20' RF | I8: Shanghai | J8: Shanghai | L8: China | M8: APAC | N8: Far East | O8: Hong Kong | P8: Hong Kong | R8: Hong Kong | S8: APAC | T8: Far East | U8: Confectionary | V8: FOB | W8: Collect | X8: Receiving Unit | AA8: Yes | AB8: 12 | AC8: 1 | AD8: No | AE8: 0.25 | AF8: 0.25 | AG8: 0.25 | AH8: 0.25 | AI8: No | AJ8: 10 | AK8: 7 | AL8: 17 | AM8: 7 | AN8: 10 | AO8: 7 | AP8: 17 | AR8: 0.1 | AS8: USD | AT8: =IF(ISBLANK(Lanes!AO8),"",ROUND(Lanes!AO8,2)) | AU8: =IF(ISBLANK(Lanes!AP8),"",ROUND(Lanes!AP8,2)) | AV8: =IF(ISBLANK(Lanes!AQ8),"",ROUND(Lanes!AQ8,2)) | AW8: =IF(ISBLANK(Lanes!AP8),"",ROUND(Lanes!AR8,2)) | AX8: =IF(ISBLANK(Lanes!AS8),"",ROUND(Lanes!AS8,2)) | AY8: =IF(ISBLANK(Lanes!AT8),"",ROUND(Lanes!AT8,2)) | AZ8: =IF(ISBLANK(Lanes!AP8),"",ROUND(Lanes!AU8,2)) | BA8: =IF(ISBLANK(Lanes!AP8),"",ROUND(Lanes!AV8,2)) | BB8: =IF(ISBLANK(Lanes!AW8),"",ROUND(Lanes!AW8,2)) | BC8: =IF(ISBLANK(Lanes!AX8),"",ROUND(Lanes!AX8,2)) | BD8: =IF(ISBLANK(Lanes!AY8),"",ROUND(Lanes!AY8,2)) | BE8: =IF(ISBLANK(Lanes!AX8),"",ROUND(Lanes!AZ8,2)) | BF8: =IF(ISBLANK(Lanes!BA8),"",ROUND(Lanes!BA8,2)) | BG8: =IF(ISBLANK(Lanes!BB8),"",ROUND(Lanes!BB8,2)) | BH8: =IF(ISBLANK(Lanes!AX8),"",ROUND(Lanes!BC8,2)) | BI8: =IF(ISBLANK(Lanes!AX8),"",ROUND(Lanes!BD8,2)) | BJ8: =IF(ISBLANK(Lanes!BE8),"",Lanes!BE8) | BK8: =IF(ISBLANK(Lanes!BF8),"",Lanes!BF8) | BL8: =IF(ISBLANK(Lanes!BG8),"",Lanes!BG8) | BM8: =IF(ISBLANK(Lanes!BH8),"",Lanes!BH8) | BN8: =IF(ISBLANK(Lanes!BI8),"",Lanes!BI8) | BO8: =IF(ISBLANK(Lanes!BJ8),"",Lanes!BJ8) | BP8: =IF(ISBLANK(Lanes!BK8),"",Lanes!BK8) | BQ8: =IF(ISBLANK(Lanes!BL8),"",Lanes!BL8) | BR8: =IF(ISBLANK(Lanes!BM8),"",ROUND(Lanes!BM8,0)) | BS8: =IF(ISBLANK(Lanes!BN8),"",ROUND(Lanes!BN8,0)) | BT8: =IF(ISBLANK(Lanes!BO8),"",ROUND(Lanes!BO8,0)) | BU8: =IF(ISBLANK(Lanes!BN8),"",ROUND(Lanes!BP8,0)) | BV8: =IF(ISBLANK(Lanes!BQ8),"",ROUND(Lanes!BQ8,1)) | BW8: =IF(ISBLANK(Lanes!BR8),"",Lanes!BR8) | BX8: =IF(ISBLANK(Lanes!BS8),"",Lanes!BS8) | BY8: =IF(ISBLANK(Lanes!BT8),"",Lanes!BT8) | BZ8: =IF(ISBLANK(Lanes!BU8),"",Lanes!BU8) | CA8: =IF(ISBLANK(Lanes!BV8),"",ROUND(Lanes!BV8,1)) | CB8: =IF(ISBLANK(Lanes!BW8),"",ROUND(Lanes!BW8,2)) | CC8: =IF(ISBLANK(Lanes!BX8),"",ROUND(Lanes!BX8,1)) | CD8: =IF(ISBLANK(Lanes!BY8),"",ROUND(Lanes!BY8,2)) | CE8: =IF(ISBLANK(Lanes!BZ8),"",ROUND(Lanes!BZ8,0)) | CF8: =IF(ISBLANK(Lanes!CA8),"",ROUND(Lanes!CA8,0)) | CG8: =IF(ISBLANK(Lanes!CB8),"",ROUND(Lanes!CB8,0)) | CH8: =IF(ISBLANK(Lanes!CC8),"",ROUND(Lanes!CC8,2)) | CI8: =IF(ISBLANK(Lanes!CD8),"",ROUND(Lanes!CD8,2)) | CJ8: =IF(ISBLANK(Lanes!CE8),"",ROUND(Lanes!CE8,2)) | CK8: =IF(ISBLANK(Lanes!CF8),"",ROUND(Lanes!CF8,0)) | CL8: =IF(ISBLANK(Lanes!CG8),"",ROUND(Lanes!CG8,0)) | CM8: =IF(ISBLANK(Lanes!CH8),"",ROUND(Lanes!CH8,0)) | CN8: =IF(ISBLANK(Lanes!CI8),"",ROUND(Lanes!CI8,2)) | CO8: =IF(ISBLANK(Lanes!CJ8),"",ROUND(Lanes!CJ8,2)) | CP8: =IF(ISBLANK(Lanes!CK8),"",ROUND(Lanes!CK8,2)) | CQ8: =IF(ISBLANK(Lanes!CL8),"","delete")
A9: 1413 | B9: 1098 | C9: 1 | D9: 108 | E9: 108 | F9: Existing | G9: Port to Port | H9: 40' RF | I9: Shanghai | J9: Shanghai | L9: China | M9: APAC | N9: Far East | O9: Hong Kong | P9: Hong Kong | R9: Hong Kong | S9: APAC | T9: Far East | U9: Confectionary | V9: FOB | W9: Collect | X9: Receiving Unit | AA9: Yes | AB9: 38 | AC9: 1 | AD9: No | AE9: 0.25 | AF9: 0.25 | AG9: 0.25 | AH9: 0.25 | AI9: No | AJ9: 10 | AK9: 7 | AL9: 17 | AN9: 10 | AO9: 7 | AP9: 17 | AR9: 0.1 | AS9: USD | AT9: =IF(ISBLANK(Lanes!AO9),"",ROUND(Lanes!AO9,2)) | AU9: =IF(ISBLANK(Lanes!AP9),"",ROUND(Lanes!AP9,2)) | AV9: =IF(ISBLANK(Lanes!AQ9),"",ROUND(Lanes!AQ9,2)) | AW9: =IF(ISBLANK(Lanes!AP9),"",ROUND(Lanes!AR9,2)) | AX9: =IF(ISBLANK(Lanes!AS9),"",ROUND(Lanes!AS9,2)) | AY9: =IF(ISBLANK(Lanes!AT9),"",ROUND(Lanes!AT9,2)) | AZ9: =IF(ISBLANK(Lanes!AP9),"",ROUND(Lanes!AU9,2)) | BA9: =IF(ISBLANK(Lanes!AP9),"",ROUND(Lanes!AV9,2)) | BB9: =IF(ISBLANK(Lanes!AW9),"",ROUND(Lanes!AW9,2)) | BC9: =IF(ISBLANK(Lanes!AX9),"",ROUND(Lanes!AX9,2)) | BD9: =IF(ISBLANK(Lanes!AY9),"",ROUND(Lanes!AY9,2)) | BE9: =IF(ISBLANK(Lanes!AX9),"",ROUND(Lanes!AZ9,2)) | BF9: =IF(ISBLANK(Lanes!BA9),"",ROUND(Lanes!BA9,2)) | BG9: =IF(ISBLANK(Lanes!BB9),"",ROUND(Lanes!BB9,2)) | BH9: =IF(ISBLANK(Lanes!AX9),"",ROUND(Lanes!BC9,2)) | BI9: =IF(ISBLANK(Lanes!AX9),"",ROUND(Lanes!BD9,2)) | BJ9: =IF(ISBLANK(Lanes!BE9),"",Lanes!BE9) | BK9: =IF(ISBLANK(Lanes!BF9),"",Lanes!BF9) | BL9: =IF(ISBLANK(Lanes!BG9),"",Lanes!BG9) | BM9: =IF(ISBLANK(Lanes!BH9),"",Lanes!BH9) | BN9: =IF(ISBLANK(Lanes!BI9),"",Lanes!BI9) | BO9: =IF(ISBLANK(Lanes!BJ9),"",Lanes!BJ9) | BP9: =IF(ISBLANK(Lanes!BK9),"",Lanes!BK9) | BQ9: =IF(ISBLANK(Lanes!BL9),"",Lanes!BL9) | BR9: =IF(ISBLANK(Lanes!BM9),"",ROUND(Lanes!BM9,0)) | BS9: =IF(ISBLANK(Lanes!BN9),"",ROUND(Lanes!BN9,0)) | BT9: =IF(ISBLANK(Lanes!BO9),"",ROUND(Lanes!BO9,0)) | BU9: =IF(ISBLANK(Lanes!BN9),"",ROUND(Lanes!BP9,0)) | BV9: =IF(ISBLANK(Lanes!BQ9),"",ROUND(Lanes!BQ9,1)) | BW9: =IF(ISBLANK(Lanes!BR9),"",Lanes!BR9) | BX9: =IF(ISBLANK(Lanes!BS9),"",Lanes!BS9) | BY9: =IF(ISBLANK(Lanes!BT9),"",Lanes!BT9) | BZ9: =IF(ISBLANK(Lanes!BU9),"",Lanes!BU9) | CA9: =IF(ISBLANK(Lanes!BV9),"",ROUND(Lanes!BV9,1)) | CB9: =IF(ISBLANK(Lanes!BW9),"",ROUND(Lanes!BW9,2)) | CC9: =IF(ISBLANK(Lanes!BX9),"",ROUND(Lanes!BX9,1)) | CD9: =IF(ISBLANK(Lanes!BY9),"",ROUND(Lanes!BY9,2)) | CE9: =IF(ISBLANK(Lanes!BZ9),"",ROUND(Lanes!BZ9,0)) | CF9: =IF(ISBLANK(Lanes!CA9),"",ROUND(Lanes!CA9,0)) | CG9: =IF(ISBLANK(Lanes!CB9),"",ROUND(Lanes!CB9,0)) | CH9: =IF(ISBLANK(Lanes!CC9),"",ROUND(Lanes!CC9,2)) | CI9: =IF(ISBLANK(Lanes!CD9),"",ROUND(Lanes!CD9,2)) | CJ9: =IF(ISBLANK(Lanes!CE9),"",ROUND(Lanes!CE9,2)) | CK9: =IF(ISBLANK(Lanes!CF9),"",ROUND(Lanes!CF9,0)) | CL9: =IF(ISBLANK(Lanes!CG9),"",ROUND(Lanes!CG9,0)) | CM9: =IF(ISBLANK(Lanes!CH9),"",ROUND(Lanes!CH9,0)) | CN9: =IF(ISBLANK(Lanes!CI9),"",ROUND(Lanes!CI9,2)) | CO9: =IF(ISBLANK(Lanes!CJ9),"",ROUND(Lanes!CJ9,2)) | CP9: =IF(ISBLANK(Lanes!CK9),"",ROUND(Lanes!CK9,2)) | CQ9: =IF(ISBLANK(Lanes!CL9),"","delete")
A10: 1414 | B10: 1099 | C10: 1 | D10: 109 | E10: 109 | F10: Existing | G10: Port to Port | H10: 20' RF | I10: Shanghai | J10: Shanghai | L10: China | M10: APAC | N10: Far East | O10: Manila | P10: Manila | R10: Philippines | S10: APAC | T10: Far East | U10: Confectionary | V10: FOB | W10: Collect | X10: Receiving Unit | AA10: Yes | AB10: 10 | AC10: 1 | AD10: No | AE10: 0.25 | AF10: 0.25 | AG10: 0.25 | AH10: 0.25 | AI10: No | AJ10: 10 | AK10: 7 | AL10: 17 | AN10: 10 | AO10: 7 | AP10: 17 | AR10: 0.1 | AS10: USD | AT10: =IF(ISBLANK(Lanes!AO10),"",ROUND(Lanes!AO10,2)) | AU10: =IF(ISBLANK(Lanes!AP10),"",ROUND(Lanes!AP10,2)) | AV10: =IF(ISBLANK(Lanes!AQ10),"",ROUND(Lanes!AQ10,2)) | AW10: =IF(ISBLANK(Lanes!AP10),"",ROUND(Lanes!AR10,2)) | AX10: =IF(ISBLANK(Lanes!AS10),"",ROUND(Lanes!AS10,2)) | AY10: =IF(ISBLANK(Lanes!AT10),"",ROUND(Lanes!AT10,2)) | AZ10: =IF(ISBLANK(Lanes!AP10),"",ROUND(Lanes!AU10,2)) | BA10: =IF(ISBLANK(Lanes!AP10),"",ROUND(Lanes!AV10,2)) | BB10: =IF(ISBLANK(Lanes!AW10),"",ROUND(Lanes!AW10,2)) | BC10: =IF(ISBLANK(Lanes!AX10),"",ROUND(Lanes!AX10,2)) | BD10: =IF(ISBLANK(Lanes!AY10),"",ROUND(Lanes!AY10,2)) | BE10: =IF(ISBLANK(Lanes!AX10),"",ROUND(Lanes!AZ10,2)) | BF10: =IF(ISBLANK(Lanes!BA10),"",ROUND(Lanes!BA10,2)) | BG10: =IF(ISBLANK(Lanes!BB10),"",ROUND(Lanes!BB10,2)) | BH10: =IF(ISBLANK(Lanes!AX10),"",ROUND(Lanes!BC10,2)) | BI10: =IF(ISBLANK(Lanes!AX10),"",ROUND(Lanes!BD10,2)) | BJ10: =IF(ISBLANK(Lanes!BE10),"",Lanes!BE10) | BK10: =IF(ISBLANK(Lanes!BF10),"",Lanes!BF10) | BL10: =IF(ISBLANK(Lanes!BG10),"",Lanes!BG10) | BM10: =IF(ISBLANK(Lanes!BH10),"",Lanes!BH10) | BN10: =IF(ISBLANK(Lanes!BI10),"",Lanes!BI10) | BO10: =IF(ISBLANK(Lanes!BJ10),"",Lanes!BJ10) | BP10: =IF(ISBLANK(Lanes!BK10),"",Lanes!BK10) | BQ10: =IF(ISBLANK(Lanes!BL10),"",Lanes!BL10) | BR10: =IF(ISBLANK(Lanes!BM10),"",ROUND(Lanes!BM10,0)) | BS10: =IF(ISBLANK(Lanes!BN10),"",ROUND(Lanes!BN10,0)) | BT10: =IF(ISBLANK(Lanes!BO10),"",ROUND(Lanes!BO10,0)) | BU10: =IF(ISBLANK(Lanes!BN10),"",ROUND(Lanes!BP10,0)) | BV10: =IF(ISBLANK(Lanes!BQ10),"",ROUND(Lanes!BQ10,1)) | BW10: =IF(ISBLANK(Lanes!BR10),"",Lanes!BR10) | BX10: =IF(ISBLANK(Lanes!BS10),"",Lanes!BS10) | BY10: =IF(ISBLANK(Lanes!BT10),"",Lanes!BT10) | BZ10: =IF(ISBLANK(Lanes!BU10),"",Lanes!BU10) | CA10: =IF(ISBLANK(Lanes!BV10),"",ROUND(Lanes!BV10,1)) | CB10: =IF(ISBLANK(Lanes!BW10),"",ROUND(Lanes!BW10,2)) | CC10: =IF(ISBLANK(Lanes!BX10),"",ROUND(Lanes!BX10,1)) | CD10: =IF(ISBLANK(Lanes!BY10),"",ROUND(Lanes!BY10,2)) | CE10: =IF(ISBLANK(Lanes!BZ10),"",ROUND(Lanes!BZ10,0)) | CF10: =IF(ISBLANK(Lanes!CA10),"",ROUND(Lanes!CA10,0)) | CG10: =IF(ISBLANK(Lanes!CB10),"",ROUND(Lanes!CB10,0)) | CH10: =IF(ISBLANK(Lanes!CC10),"",ROUND(Lanes!CC10,2)) | CI10: =IF(ISBLANK(Lanes!CD10),"",ROUND(Lanes!CD10,2)) | CJ10: =IF(ISBLANK(Lanes!CE10),"",ROUND(Lanes!CE10,2)) | CK10: =IF(ISBLANK(Lanes!CF10),"",ROUND(Lanes!CF10,0)) | CL10: =IF(ISBLANK(Lanes!CG10),"",ROUND(Lanes!CG10,0)) | CM10: =IF(ISBLANK(Lanes!CH10),"",ROUND(Lanes!CH10,0)) | CN10: =IF(ISBLANK(Lanes!CI10),"",ROUND(Lanes!CI10,2)) | CO10: =IF(ISBLANK(Lanes!CJ10),"",ROUND(Lanes!CJ10,2)) | CP10: =IF(ISBLANK(Lanes!CK10),"",ROUND(Lanes!CK10,2)) | CQ10: =IF(ISBLANK(Lanes!CL10),"","delete")
A11: 1415 | B11: 1100 | C11: 1 | D11: 110 | E11: 110 | F11: Existing | G11: Port to Port | H11: 40' RF | I11: Shanghai | J11: Shanghai | L11: China | M11: APAC | N11: Far East | O11: Manila | P11: Manila | R11: Philippines | S11: APAC | T11: Far East | U11: Confectionary | V11: FOB | W11: Collect | X11: Receiving Unit | AA11: Yes | AB11: 186 | AC11: 4 | AD11: No | AE11: 0.25 | AF11: 0.25 | AG11: 0.25 | AH11: 0.25 | AI11: No | AJ11: 10 | AK11: 7 | AL11: 17 | AN11: 10 | AO11: 7 | AP11: 17 | AR11: 0.1 | AS11: USD | AT11: =IF(ISBLANK(Lanes!AO11),"",ROUND(Lanes!AO11,2)) | AU11: =IF(ISBLANK(Lanes!AP11),"",ROUND(Lanes!AP11,2)) | AV11: =IF(ISBLANK(Lanes!AQ11),"",ROUND(Lanes!AQ11,2)) | AW11: =IF(ISBLANK(Lanes!AP11),"",ROUND(Lanes!AR11,2)) | AX11: =IF(ISBLANK(Lanes!AS11),"",ROUND(Lanes!AS11,2)) | AY11: =IF(ISBLANK(Lanes!AT11),"",ROUND(Lanes!AT11,2)) | AZ11: =IF(ISBLANK(Lanes!AP11),"",ROUND(Lanes!AU11,2)) | BA11: =IF(ISBLANK(Lanes!AP11),"",ROUND(Lanes!AV11,2)) | BB11: =IF(ISBLANK(Lanes!AW11),"",ROUND(Lanes!AW11,2)) | BC11: =IF(ISBLANK(Lanes!AX11),"",ROUND(Lanes!AX11,2)) | BD11: =IF(ISBLANK(Lanes!AY11),"",ROUND(Lanes!AY11,2)) | BE11: =IF(ISBLANK(Lanes!AX11),"",ROUND(Lanes!AZ11,2)) | BF11: =IF(ISBLANK(Lanes!BA11),"",ROUND(Lanes!BA11,2)) | BG11: =IF(ISBLANK(Lanes!BB11),"",ROUND(Lanes!BB11,2)) | BH11: =IF(ISBLANK(Lanes!AX11),"",ROUND(Lanes!BC11,2)) | BI11: =IF(ISBLANK(Lanes!AX11),"",ROUND(Lanes!BD11,2)) | BJ11: =IF(ISBLANK(Lanes!BE11),"",Lanes!BE11) | BK11: =IF(ISBLANK(Lanes!BF11),"",Lanes!BF11) | BL11: =IF(ISBLANK(Lanes!BG11),"",Lanes!BG11) | BM11: =IF(ISBLANK(Lanes!BH11),"",Lanes!BH11) | BN11: =IF(ISBLANK(Lanes!BI11),"",Lanes!BI11) | BO11: =IF(ISBLANK(Lanes!BJ11),"",Lanes!BJ11) | BP11: =IF(ISBLANK(Lanes!BK11),"",Lanes!BK11) | BQ11: =IF(ISBLANK(Lanes!BL11),"",Lanes!BL11) | BR11: =IF(ISBLANK(Lanes!BM11),"",ROUND(Lanes!BM11,0)) | BS11: =IF(ISBLANK(Lanes!BN11),"",ROUND(Lanes!BN11,0)) | BT11: =IF(ISBLANK(Lanes!BO11),"",ROUND(Lanes!BO11,0)) | BU11: =IF(ISBLANK(Lanes!BN11),"",ROUND(Lanes!BP11,0)) | BV11: =IF(ISBLANK(Lanes!BQ11),"",ROUND(Lanes!BQ11,1)) | BW11: =IF(ISBLANK(Lanes!BR11),"",Lanes!BR11) | BX11: =IF(ISBLANK(Lanes!BS11),"",Lanes!BS11) | BY11: =IF(ISBLANK(Lanes!BT11),"",Lanes!BT11) | BZ11: =IF(ISBLANK(Lanes!BU11),"",Lanes!BU11) | CA11: =IF(ISBLANK(Lanes!BV11),"",ROUND(Lanes!BV11,1)) | CB11: =IF(ISBLANK(Lanes!BW11),"",ROUND(Lanes!BW11,2)) | CC11: =IF(ISBLANK(Lanes!BX11),"",ROUND(Lanes!BX11,1)) | CD11: =IF(ISBLANK(Lanes!BY11),"",ROUND(Lanes!BY11,2)) | CE11: =IF(ISBLANK(Lanes!BZ11),"",ROUND(Lanes!BZ11,0)) | CF11: =IF(ISBLANK(Lanes!CA11),"",ROUND(Lanes!CA11,0)) | CG11: =IF(ISBLANK(Lanes!CB11),"",ROUND(Lanes!CB11,0)) | CH11: =IF(ISBLANK(Lanes!CC11),"",ROUND(Lanes!CC11,2)) | CI11: =IF(ISBLANK(Lanes!CD11),"",ROUND(Lanes!CD11,2)) | CJ11: =IF(ISBLANK(Lanes!CE11),"",ROUND(Lanes!CE11,2)) | CK11: =IF(ISBLANK(Lanes!CF11),"",ROUND(Lanes!CF11,0)) | CL11: =IF(ISBLANK(Lanes!CG11),"",ROUND(Lanes!CG11,0)) | CM11: =IF(ISBLANK(Lanes!CH11),"",ROUND(Lanes!CH11,0)) | CN11: =IF(ISBLANK(Lanes!CI11),"",ROUND(Lanes!CI11,2)) | CO11: =IF(ISBLANK(Lanes!CJ11),"",ROUND(Lanes!CJ11,2)) | CP11: =IF(ISBLANK(Lanes!CK11),"",ROUND(Lanes!CK11,2)) | CQ11: =IF(ISBLANK(Lanes!CL11),"","delete")
A12: 1416 | B12: 1101 | C12: 1 | D12: 111 | E12: 111 | F12: Existing | G12: Port to Port | H12: 20' RF | I12: Shanghai | J12: Shanghai | L12: China | M12: APAC | N12: Far East | O12: Port Klang | P12: Port Klang | R12: Malaysia | S12: APAC | T12: Far East | U12: Confectionary | V12: FOB | W12: Collect | X12: Receiving Unit | AA12: Yes | AB12: 5 | AC12: 1 | AD12: No | AE12: 0.25 | AF12: 0.25 | AG12: 0.25 | AH12: 0.25 | AI12: No | AJ12: 10 | AK12: 7 | AL12: 17 | AN12: 10 | AO12: 7 | AP12: 17 | AR12: 0.1 | AS12: USD | AT12: =IF(ISBLANK(Lanes!AO12),"",ROUND(Lanes!AO12,2)) | AU12: =IF(ISBLANK(Lanes!AP12),"",ROUND(Lanes!AP12,2)) | AV12: =IF(ISBLANK(Lanes!AQ12),"",ROUND(Lanes!AQ12,2)) | AW12: =IF(ISBLANK(Lanes!AP12),"",ROUND(Lanes!AR12,2)) | AX12: =IF(ISBLANK(Lanes!AS12),"",ROUND(Lanes!AS12,2)) | AY12: =IF(ISBLANK(Lanes!AT12),"",ROUND(Lanes!AT12,2)) | AZ12: =IF(ISBLANK(Lanes!AP12),"",ROUND(Lanes!AU12,2)) | BA12: =IF(ISBLANK(Lanes!AP12),"",ROUND(Lanes!AV12,2)) | BB12: =IF(ISBLANK(Lanes!AW12),"",ROUND(Lanes!AW12,2)) | BC12: =IF(ISBLANK(Lanes!AX12),"",ROUND(Lanes!AX12,2)) | BD12: =IF(ISBLANK(Lanes!AY12),"",ROUND(Lanes!AY12,2)) | BE12: =IF(ISBLANK(Lanes!AX12),"",ROUND(Lanes!AZ12,2)) | BF12: =IF(ISBLANK(Lanes!BA12),"",ROUND(Lanes!BA12,2)) | BG12: =IF(ISBLANK(Lanes!BB12),"",ROUND(Lanes!BB12,2)) | BH12: =IF(ISBLANK(Lanes!AX12),"",ROUND(Lanes!BC12,2)) | BI12: =IF(ISBLANK(Lanes!AX12),"",ROUND(Lanes!BD12,2)) | BJ12: =IF(ISBLANK(Lanes!BE12),"",Lanes!BE12) | BK12: =IF(ISBLANK(Lanes!BF12),"",Lanes!BF12) | BL12: =IF(ISBLANK(Lanes!BG12),"",Lanes!BG12) | BM12: =IF(ISBLANK(Lanes!BH12),"",Lanes!BH12) | BN12: =IF(ISBLANK(Lanes!BI12),"",Lanes!BI12) | BO12: =IF(ISBLANK(Lanes!BJ12),"",Lanes!BJ12) | BP12: =IF(ISBLANK(Lanes!BK12),"",Lanes!BK12) | BQ12: =IF(ISBLANK(Lanes!BL12),"",Lanes!BL12) | BR12: =IF(ISBLANK(Lanes!BM12),"",ROUND(Lanes!BM12,0)) | BS12: =IF(ISBLANK(Lanes!BN12),"",ROUND(Lanes!BN12,0)) | BT12: =IF(ISBLANK(Lanes!BO12),"",ROUND(Lanes!BO12,0)) | BU12: =IF(ISBLANK(Lanes!BN12),"",ROUND(Lanes!BP12,0)) | BV12: =IF(ISBLANK(Lanes!BQ12),"",ROUND(Lanes!BQ12,1)) | BW12: =IF(ISBLANK(Lanes!BR12),"",Lanes!BR12) | BX12: =IF(ISBLANK(Lanes!BS12),"",Lanes!BS12) | BY12: =IF(ISBLANK(Lanes!BT12),"",Lanes!BT12) | BZ12: =IF(ISBLANK(Lanes!BU12),"",Lanes!BU12) | CA12: =IF(ISBLANK(Lanes!BV12),"",ROUND(Lanes!BV12,1)) | CB12: =IF(ISBLANK(Lanes!BW12),"",ROUND(Lanes!BW12,2)) | CC12: =IF(ISBLANK(Lanes!BX12),"",ROUND(Lanes!BX12,1)) | CD12: =IF(ISBLANK(Lanes!BY12),"",ROUND(Lanes!BY12,2)) | CE12: =IF(ISBLANK(Lanes!BZ12),"",ROUND(Lanes!BZ12,0)) | CF12: =IF(ISBLANK(Lanes!CA12),"",ROUND(Lanes!CA12,0)) | CG12: =IF(ISBLANK(Lanes!CB12),"",ROUND(Lanes!CB12,0)) | CH12: =IF(ISBLANK(Lanes!CC12),"",ROUND(Lanes!CC12,2)) | CI12: =IF(ISBLANK(Lanes!CD12),"",ROUND(Lanes!CD12,2)) | CJ12: =IF(ISBLANK(Lanes!CE12),"",ROUND(Lanes!CE12,2)) | CK12: =IF(ISBLANK(Lanes!CF12),"",ROUND(Lanes!CF12,0)) | CL12: =IF(ISBLANK(Lanes!CG12),"",ROUND(Lanes!CG12,0)) | CM12: =IF(ISBLANK(Lanes!CH12),"",ROUND(Lanes!CH12,0)) | CN12: =IF(ISBLANK(Lanes!CI12),"",ROUND(Lanes!CI12,2)) | CO12: =IF(ISBLANK(Lanes!CJ12),"",ROUND(Lanes!CJ12,2)) | CP12: =IF(ISBLANK(Lanes!CK12),"",ROUND(Lanes!CK12,2)) | CQ12: =IF(ISBLANK(Lanes!CL12),"","delete")
A13: 1417 | B13: 1102 | C13: 1 | D13: 112 | E13: 112 | F13: Existing | G13: Port to Port | H13: 40' RF | I13: Shanghai | J13: Shanghai | L13: China | M13: APAC | N13: Far East | O13: Port Klang | P13: Port Klang | R13: Malaysia | S13: APAC | T13: Far East | U13: Confectionary | V13: FOB | W13: Collect | X13: Receiving Unit | AA13: Yes | AB13: 100 | AC13: 2 | AD13: No | AE13: 0.25 | AF13: 0.25 | AG13: 0.25 | AH13: 0.25 | AI13: No | AJ13: 10 | AK13: 7 | AL13: 17 | AN13: 10 | AO13: 7 | AP13: 17 | AR13: 0.1 | AS13: USD | AT13: =IF(ISBLANK(Lanes!AO13),"",ROUND(Lanes!AO13,2)) | AU13: =IF(ISBLANK(Lanes!AP13),"",ROUND(Lanes!AP13,2)) | AV13: =IF(ISBLANK(Lanes!AQ13),"",ROUND(Lanes!AQ13,2)) | AW13: =IF(ISBLANK(Lanes!AP13),"",ROUND(Lanes!AR13,2)) | AX13: =IF(ISBLANK(Lanes!AS13),"",ROUND(Lanes!AS13,2)) | AY13: =IF(ISBLANK(Lanes!AT13),"",ROUND(Lanes!AT13,2)) | AZ13: =IF(ISBLANK(Lanes!AP13),"",ROUND(Lanes!AU13,2)) | BA13: =IF(ISBLANK(Lanes!AP13),"",ROUND(Lanes!AV13,2)) | BB13: =IF(ISBLANK(Lanes!AW13),"",ROUND(Lanes!AW13,2)) | BC13: =IF(ISBLANK(Lanes!AX13),"",ROUND(Lanes!AX13,2)) | BD13: =IF(ISBLANK(Lanes!AY13),"",ROUND(Lanes!AY13,2)) | BE13: =IF(ISBLANK(Lanes!AX13),"",ROUND(Lanes!AZ13,2)) | BF13: =IF(ISBLANK(Lanes!BA13),"",ROUND(Lanes!BA13,2)) | BG13: =IF(ISBLANK(Lanes!BB13),"",ROUND(Lanes!BB13,2)) | BH13: =IF(ISBLANK(Lanes!AX13),"",ROUND(Lanes!BC13,2)) | BI13: =IF(ISBLANK(Lanes!AX13),"",ROUND(Lanes!BD13,2)) | BJ13: =IF(ISBLANK(Lanes!BE13),"",Lanes!BE13) | BK13: =IF(ISBLANK(Lanes!BF13),"",Lanes!BF13) | BL13: =IF(ISBLANK(Lanes!BG13),"",Lanes!BG13) | BM13: =IF(ISBLANK(Lanes!BH13),"",Lanes!BH13) | BN13: =IF(ISBLANK(Lanes!BI13),"",Lanes!BI13) | BO13: =IF(ISBLANK(Lanes!BJ13),"",Lanes!BJ13) | BP13: =IF(ISBLANK(Lanes!BK13),"",Lanes!BK13) | BQ13: =IF(ISBLANK(Lanes!BL13),"",Lanes!BL13) | BR13: =IF(ISBLANK(Lanes!BM13),"",ROUND(Lanes!BM13,0)) | BS13: =IF(ISBLANK(Lanes!BN13),"",ROUND(Lanes!BN13,0)) | BT13: =IF(ISBLANK(Lanes!BO13),"",ROUND(Lanes!BO13,0)) | BU13: =IF(ISBLANK(Lanes!BN13),"",ROUND(Lanes!BP13,0)) | BV13: =IF(ISBLANK(Lanes!BQ13),"",ROUND(Lanes!BQ13,1)) | BW13: =IF(ISBLANK(Lanes!BR13),"",Lanes!BR13) | BX13: =IF(ISBLANK(Lanes!BS13),"",Lanes!BS13) | BY13: =IF(ISBLANK(Lanes!BT13),"",Lanes!BT13) | BZ13: =IF(ISBLANK(Lanes!BU13),"",Lanes!BU13) | CA13: =IF(ISBLANK(Lanes!BV13),"",ROUND(Lanes!BV13,1)) | CB13: =IF(ISBLANK(Lanes!BW13),"",ROUND(Lanes!BW13,2)) | CC13: =IF(ISBLANK(Lanes!BX13),"",ROUND(Lanes!BX13,1)) | CD13: =IF(ISBLANK(Lanes!BY13),"",ROUND(Lanes!BY13,2)) | CE13: =IF(ISBLANK(Lanes!BZ13),"",ROUND(Lanes!BZ13,0)) | CF13: =IF(ISBLANK(Lanes!CA13),"",ROUND(Lanes!CA13,0)) | CG13: =IF(ISBLANK(Lanes!CB13),"",ROUND(Lanes!CB13,0)) | CH13: =IF(ISBLANK(Lanes!CC13),"",ROUND(Lanes!CC13,2)) | CI13: =IF(ISBLANK(Lanes!CD13),"",ROUND(Lanes!CD13,2)) | CJ13: =IF(ISBLANK(Lanes!CE13),"",ROUND(Lanes!CE13,2)) | CK13: =IF(ISBLANK(Lanes!CF13),"",ROUND(Lanes!CF13,0)) | CL13: =IF(ISBLANK(Lanes!CG13),"",ROUND(Lanes!CG13,0)) | CM13: =IF(ISBLANK(Lanes!CH13),"",ROUND(Lanes!CH13,0)) | CN13: =IF(ISBLANK(Lanes!CI13),"",ROUND(Lanes!CI13,2)) | CO13: =IF(ISBLANK(Lanes!CJ13),"",ROUND(Lanes!CJ13,2)) | CP13: =IF(ISBLANK(Lanes!CK13),"",ROUND(Lanes!CK13,2)) | CQ13: =IF(ISBLANK(Lanes!CL13),"","delete")
A14: 1418 | B14: 1103 | C14: 1 | D14: 113 | E14: 113 | F14: Existing | G14: Port to Port | H14: 20' RF | I14: Shanghai | J14: Shanghai | L14: China | M14: APAC | N14: Far East | O14: Singapore | P14: Singapore | R14: Singapore | S14: APAC | T14: Far East | U14: Confectionary | V14: FOB | W14: Collect | X14: Receiving Unit | AA14: Yes | AB14: 5 | AC14: 1 | AD14: No | AE14: 0.25 | AF14: 0.25 | AG14: 0.25 | AH14: 0.25 | AI14: No | AJ14: 10 | AK14: 7 | AL14: 17 | AN14: 10 | AO14: 7 | AP14: 17 | AR14: 0.1 | AS14: USD | AT14: =IF(ISBLANK(Lanes!AO14),"",ROUND(Lanes!AO14,2)) | AU14: =IF(ISBLANK(Lanes!AP14),"",ROUND(Lanes!AP14,2)) | AV14: =IF(ISBLANK(Lanes!AQ14),"",ROUND(Lanes!AQ14,2)) | AW14: =IF(ISBLANK(Lanes!AP14),"",ROUND(Lanes!AR14,2)) | AX14: =IF(ISBLANK(Lanes!AS14),"",ROUND(Lanes!AS14,2)) | AY14: =IF(ISBLANK(Lanes!AT14),"",ROUND(Lanes!AT14,2)) | AZ14: =IF(ISBLANK(Lanes!AP14),"",ROUND(Lanes!AU14,2)) | BA14: =IF(ISBLANK(Lanes!AP14),"",ROUND(Lanes!AV14,2)) | BB14: =IF(ISBLANK(Lanes!AW14),"",ROUND(Lanes!AW14,2)) | BC14: =IF(ISBLANK(Lanes!AX14),"",ROUND(Lanes!AX14,2)) | BD14: =IF(ISBLANK(Lanes!AY14),"",ROUND(Lanes!AY14,2)) | BE14: =IF(ISBLANK(Lanes!AX14),"",ROUND(Lanes!AZ14,2)) | BF14: =IF(ISBLANK(Lanes!BA14),"",ROUND(Lanes!BA14,2)) | BG14: =IF(ISBLANK(Lanes!BB14),"",ROUND(Lanes!BB14,2)) | BH14: =IF(ISBLANK(Lanes!AX14),"",ROUND(Lanes!BC14,2)) | BI14: =IF(ISBLANK(Lanes!AX14),"",ROUND(Lanes!BD14,2)) | BJ14: =IF(ISBLANK(Lanes!BE14),"",Lanes!BE14) | BK14: =IF(ISBLANK(Lanes!BF14),"",Lanes!BF14) | BL14: =IF(ISBLANK(Lanes!BG14),"",Lanes!BG14) | BM14: =IF(ISBLANK(Lanes!BH14),"",Lanes!BH14) | BN14: =IF(ISBLANK(Lanes!BI14),"",Lanes!BI14) | BO14: =IF(ISBLANK(Lanes!BJ14),"",Lanes!BJ14) | BP14: =IF(ISBLANK(Lanes!BK14),"",Lanes!BK14) | BQ14: =IF(ISBLANK(Lanes!BL14),"",Lanes!BL14) | BR14: =IF(ISBLANK(Lanes!BM14),"",ROUND(Lanes!BM14,0)) | BS14: =IF(ISBLANK(Lanes!BN14),"",ROUND(Lanes!BN14,0)) | BT14: =IF(ISBLANK(Lanes!BO14),"",ROUND(Lanes!BO14,0)) | BU14: =IF(ISBLANK(Lanes!BN14),"",ROUND(Lanes!BP14,0)) | BV14: =IF(ISBLANK(Lanes!BQ14),"",ROUND(Lanes!BQ14,1)) | BW14: =IF(ISBLANK(Lanes!BR14),"",Lanes!BR14) | BX14: =IF(ISBLANK(Lanes!BS14),"",Lanes!BS14) | BY14: =IF(ISBLANK(Lanes!BT14),"",Lanes!BT14) | BZ14: =IF(ISBLANK(Lanes!BU14),"",Lanes!BU14) | CA14: =IF(ISBLANK(Lanes!BV14),"",ROUND(Lanes!BV14,1)) | CB14: =IF(ISBLANK(Lanes!BW14),"",ROUND(Lanes!BW14,2)) | CC14: =IF(ISBLANK(Lanes!BX14),"",ROUND(Lanes!BX14,1)) | CD14: =IF(ISBLANK(Lanes!BY14),"",ROUND(Lanes!BY14,2)) | CE14: =IF(ISBLANK(Lanes!BZ14),"",ROUND(Lanes!BZ14,0)) | CF14: =IF(ISBLANK(Lanes!CA14),"",ROUND(Lanes!CA14,0)) | CG14: =IF(ISBLANK(Lanes!CB14),"",ROUND(Lanes!CB14,0)) | CH14: =IF(ISBLANK(Lanes!CC14),"",ROUND(Lanes!CC14,2)) | CI14: =IF(ISBLANK(Lanes!CD14),"",ROUND(Lanes!CD14,2)) | CJ14: =IF(ISBLANK(Lanes!CE14),"",ROUND(Lanes!CE14,2)) | CK14: =IF(ISBLANK(Lanes!CF14),"",ROUND(Lanes!CF14,0)) | CL14: =IF(ISBLANK(Lanes!CG14),"",ROUND(Lanes!CG14,0)) | CM14: =IF(ISBLANK(Lanes!CH14),"",ROUND(Lanes!CH14,0)) | CN14: =IF(ISBLANK(Lanes!CI14),"",ROUND(Lanes!CI14,2)) | CO14: =IF(ISBLANK(Lanes!CJ14),"",ROUND(Lanes!CJ14,2)) | CP14: =IF(ISBLANK(Lanes!CK14),"",ROUND(Lanes!CK14,2)) | CQ14: =IF(ISBLANK(Lanes!CL14),"","delete")
A15: 1419 | B15: 1104 | C15: 1 | D15: 114 | E15: 114 | F15: Existing | G15: Port to Port | H15: 40' RF | I15: Shanghai | J15: Shanghai | L15: China | M15: APAC | N15: Far East | O15: Singapore | P15: Singapore | R15: Singapore | S15: APAC | T15: Far East | U15: Confectionary | V15: FOB | W15: Collect | X15: Receiving Unit | AA15: Yes | AB15: 45 | AC15: 1 | AD15: No | AE15: 0.25 | AF15: 0.25 | AG15: 0.25 | AH15: 0.25 | AI15: No | AJ15: 10 | AK15: 7 | AL15: 17 | AN15: 10 | AO15: 7 | AP15: 17 | AR15: 0.1 | AS15: USD | AT15: =IF(ISBLANK(Lanes!AO15),"",ROUND(Lanes!AO15,2)) | AU15: =IF(ISBLANK(Lanes!AP15),"",ROUND(Lanes!AP15,2)) | AV15: =IF(ISBLANK(Lanes!AQ15),"",ROUND(Lanes!AQ15,2)) | AW15: =IF(ISBLANK(Lanes!AP15),"",ROUND(Lanes!AR15,2)) | AX15: =IF(ISBLANK(Lanes!AS15),"",ROUND(Lanes!AS15,2)) | AY15: =IF(ISBLANK(Lanes!AT15),"",ROUND(Lanes!AT15,2)) | AZ15: =IF(ISBLANK(Lanes!AP15),"",ROUND(Lanes!AU15,2)) | BA15: =IF(ISBLANK(Lanes!AP15),"",ROUND(Lanes!AV15,2)) | BB15: =IF(ISBLANK(Lanes!AW15),"",ROUND(Lanes!AW15,2)) | BC15: =IF(ISBLANK(Lanes!AX15),"",ROUND(Lanes!AX15,2)) | BD15: =IF(ISBLANK(Lanes!AY15),"",ROUND(Lanes!AY15,2)) | BE15: =IF(ISBLANK(Lanes!AX15),"",ROUND(Lanes!AZ15,2)) | BF15: =IF(ISBLANK(Lanes!BA15),"",ROUND(Lanes!BA15,2)) | BG15: =IF(ISBLANK(Lanes!BB15),"",ROUND(Lanes!BB15,2)) | BH15: =IF(ISBLANK(Lanes!AX15),"",ROUND(Lanes!BC15,2)) | BI15: =IF(ISBLANK(Lanes!AX15),"",ROUND(Lanes!BD15,2)) | BJ15: =IF(ISBLANK(Lanes!BE15),"",Lanes!BE15) | BK15: =IF(ISBLANK(Lanes!BF15),"",Lanes!BF15) | BL15: =IF(ISBLANK(Lanes!BG15),"",Lanes!BG15) | BM15: =IF(ISBLANK(Lanes!BH15),"",Lanes!BH15) | BN15: =IF(ISBLANK(Lanes!BI15),"",Lanes!BI15) | BO15: =IF(ISBLANK(Lanes!BJ15),"",Lanes!BJ15) | BP15: =IF(ISBLANK(Lanes!BK15),"",Lanes!BK15) | BQ15: =IF(ISBLANK(Lanes!BL15),"",Lanes!BL15) | BR15: =IF(ISBLANK(Lanes!BM15),"",ROUND(Lanes!BM15,0)) | BS15: =IF(ISBLANK(Lanes!BN15),"",ROUND(Lanes!BN15,0)) | BT15: =IF(ISBLANK(Lanes!BO15),"",ROUND(Lanes!BO15,0)) | BU15: =IF(ISBLANK(Lanes!BN15),"",ROUND(Lanes!BP15,0)) | BV15: =IF(ISBLANK(Lanes!BQ15),"",ROUND(Lanes!BQ15,1)) | BW15: =IF(ISBLANK(Lanes!BR15),"",Lanes!BR15) | BX15: =IF(ISBLANK(Lanes!BS15),"",Lanes!BS15) | BY15: =IF(ISBLANK(Lanes!BT15),"",Lanes!BT15) | BZ15: =IF(ISBLANK(Lanes!BU15),"",Lanes!BU15) | CA15: =IF(ISBLANK(Lanes!BV15),"",ROUND(Lanes!BV15,1)) | CB15: =IF(ISBLANK(Lanes!BW15),"",ROUND(Lanes!BW15,2)) | CC15: =IF(ISBLANK(Lanes!BX15),"",ROUND(Lanes!BX15,1)) | CD15: =IF(ISBLANK(Lanes!BY15),"",ROUND(Lanes!BY15,2)) | CE15: =IF(ISBLANK(Lanes!BZ15),"",ROUND(Lanes!BZ15,0)) | CF15: =IF(ISBLANK(Lanes!CA15),"",ROUND(Lanes!CA15,0)) | CG15: =IF(ISBLANK(Lanes!CB15),"",ROUND(Lanes!CB15,0)) | CH15: =IF(ISBLANK(Lanes!CC15),"",ROUND(Lanes!CC15,2)) | CI15: =IF(ISBLANK(Lanes!CD15),"",ROUND(Lanes!CD15,2)) | CJ15: =IF(ISBLANK(Lanes!CE15),"",ROUND(Lanes!CE15,2)) | CK15: =IF(ISBLANK(Lanes!CF15),"",ROUND(Lanes!CF15,0)) | CL15: =IF(ISBLANK(Lanes!CG15),"",ROUND(Lanes!CG15,0)) | CM15: =IF(ISBLANK(Lanes!CH15),"",ROUND(Lanes!CH15,0)) | CN15: =IF(ISBLANK(Lanes!CI15),"",ROUND(Lanes!CI15,2)) | CO15: =IF(ISBLANK(Lanes!CJ15),"",ROUND(Lanes!CJ15,2)) | CP15: =IF(ISBLANK(Lanes!CK15),"",ROUND(Lanes!CK15,2)) | CQ15: =IF(ISBLANK(Lanes!CL15),"","delete")
A16: 1420 | B16: 1105 | C16: 1 | D16: 115 | E16: 115 | F16: Existing | G16: Port to Port | H16: 20' RF | I16: Shanghai | J16: Shanghai | L16: China | M16: APAC | N16: Far East | O16: Tokyo | P16: Tokyo | R16: Japan | S16: APAC | T16: Far East | U16: Confectionary | V16: FOB | W16: Collect | X16: Receiving Unit | AA16: Yes | AB16: 10 | AC16: 1 | AD16: No | AE16: 0.25 | AF16: 0.25 | AG16: 0.25 | AH16: 0.25 | AI16: No | AJ16: 10 | AK16: 7 | AL16: 17 | AN16: 9 | AO16: 9 | AP16: 0 | AR16: 0.1 | AS16: USD | AT16: =IF(ISBLANK(Lanes!AO16),"",ROUND(Lanes!AO16,2)) | AU16: =IF(ISBLANK(Lanes!AP16),"",ROUND(Lanes!AP16,2)) | AV16: =IF(ISBLANK(Lanes!AQ16),"",ROUND(Lanes!AQ16,2)) | AW16: =IF(ISBLANK(Lanes!AP16),"",ROUND(Lanes!AR16,2)) | AX16: =IF(ISBLANK(Lanes!AS16),"",ROUND(Lanes!AS16,2)) | AY16: =IF(ISBLANK(Lanes!AT16),"",ROUND(Lanes!AT16,2)) | AZ16: =IF(ISBLANK(Lanes!AP16),"",ROUND(Lanes!AU16,2)) | BA16: =IF(ISBLANK(Lanes!AP16),"",ROUND(Lanes!AV16,2)) | BB16: =IF(ISBLANK(Lanes!AW16),"",ROUND(Lanes!AW16,2)) | BC16: =IF(ISBLANK(Lanes!AX16),"",ROUND(Lanes!AX16,2)) | BD16: =IF(ISBLANK(Lanes!AY16),"",ROUND(Lanes!AY16,2)) | BE16: =IF(ISBLANK(Lanes!AX16),"",ROUND(Lanes!AZ16,2)) | BF16: =IF(ISBLANK(Lanes!BA16),"",ROUND(Lanes!BA16,2)) | BG16: =IF(ISBLANK(Lanes!BB16),"",ROUND(Lanes!BB16,2)) | BH16: =IF(ISBLANK(Lanes!AX16),"",ROUND(Lanes!BC16,2)) | BI16: =IF(ISBLANK(Lanes!AX16),"",ROUND(Lanes!BD16,2)) | BJ16: =IF(ISBLANK(Lanes!BE16),"",Lanes!BE16) | BK16: =IF(ISBLANK(Lanes!BF16),"",Lanes!BF16) | BL16: =IF(ISBLANK(Lanes!BG16),"",Lanes!BG16) | BM16: =IF(ISBLANK(Lanes!BH16),"",Lanes!BH16) | BN16: =IF(ISBLANK(Lanes!BI16),"",Lanes!BI16) | BO16: =IF(ISBLANK(Lanes!BJ16),"",Lanes!BJ16) | BP16: =IF(ISBLANK(Lanes!BK16),"",Lanes!BK16) | BQ16: =IF(ISBLANK(Lanes!BL16),"",Lanes!BL16) | BR16: =IF(ISBLANK(Lanes!BM16),"",ROUND(Lanes!BM16,0)) | BS16: =IF(ISBLANK(Lanes!BN16),"",ROUND(Lanes!BN16,0)) | BT16: =IF(ISBLANK(Lanes!BO16),"",ROUND(Lanes!BO16,0)) | BU16: =IF(ISBLANK(Lanes!BN16),"",ROUND(Lanes!BP16,0)) | BV16: =IF(ISBLANK(Lanes!BQ16),"",ROUND(Lanes!BQ16,1)) | BW16: =IF(ISBLANK(Lanes!BR16),"",Lanes!BR16) | BX16: =IF(ISBLANK(Lanes!BS16),"",Lanes!BS16) | BY16: =IF(ISBLANK(Lanes!BT16),"",Lanes!BT16) | BZ16: =IF(ISBLANK(Lanes!BU16),"",Lanes!BU16) | CA16: =IF(ISBLANK(Lanes!BV16),"",ROUND(Lanes!BV16,1)) | CB16: =IF(ISBLANK(Lanes!BW16),"",ROUND(Lanes!BW16,2)) | CC16: =IF(ISBLANK(Lanes!BX16),"",ROUND(Lanes!BX16,1)) | CD16: =IF(ISBLANK(Lanes!BY16),"",ROUND(Lanes!BY16,2)) | CE16: =IF(ISBLANK(Lanes!BZ16),"",ROUND(Lanes!BZ16,0)) | CF16: =IF(ISBLANK(Lanes!CA16),"",ROUND(Lanes!CA16,0)) | CG16: =IF(ISBLANK(Lanes!CB16),"",ROUND(Lanes!CB16,0)) | CH16: =IF(ISBLANK(Lanes!CC16),"",ROUND(Lanes!CC16,2)) | CI16: =IF(ISBLANK(Lanes!CD16),"",ROUND(Lanes!CD16,2)) | CJ16: =IF(ISBLANK(Lanes!CE16),"",ROUND(Lanes!CE16,2)) | CK16: =IF(ISBLANK(Lanes!CF16),"",ROUND(Lanes!CF16,0)) | CL16: =IF(ISBLANK(Lanes!CG16),"",ROUND(Lanes!CG16,0)) | CM16: =IF(ISBLANK(Lanes!CH16),"",ROUND(Lanes!CH16,0)) | CN16: =IF(ISBLANK(Lanes!CI16),"",ROUND(Lanes!CI16,2)) | CO16: =IF(ISBLANK(Lanes!CJ16),"",ROUND(Lanes!CJ16,2)) | CP16: =IF(ISBLANK(Lanes!CK16),"",ROUND(Lanes!CK16,2)) | CQ16: =IF(ISBLANK(Lanes!CL16),"","delete")
A17: 1421 | B17: 1106 | C17: 1 | D17: 116 | E17: 116 | F17: Existing | G17: Port to Port | H17: 40' RF | I17: Shanghai | J17: Shanghai | L17: China | M17: APAC | N17: Far East | O17: Tokyo | P17: Tokyo | R17: Japan | S17: APAC | T17: Far East | U17: Confectionary | V17: FOB | W17: Collect | X17: Receiving Unit | AA17: Yes | AB17: 138 | AC17: 3 | AD17: No | AE17: 0.25 | AF17: 0.25 | AG17: 0.25 | AH17: 0.25 | AI17: No | AJ17: 10 | AK17: 7 | AL17: 17 | AN17: 9 | AO17: 9 | AP17: 0 | AR17: 0.1 | AS17: USD | AT17: =IF(ISBLANK(Lanes!AO17),"",ROUND(Lanes!AO17,2)) | AU17: =IF(ISBLANK(Lanes!AP17),"",ROUND(Lanes!AP17,2)) | AV17: =IF(ISBLANK(Lanes!AQ17),"",ROUND(Lanes!AQ17,2)) | AW17: =IF(ISBLANK(Lanes!AP17),"",ROUND(Lanes!AR17,2)) | AX17: =IF(ISBLANK(Lanes!AS17),"",ROUND(Lanes!AS17,2)) | AY17: =IF(ISBLANK(Lanes!AT17),"",ROUND(Lanes!AT17,2)) | AZ17: =IF(ISBLANK(Lanes!AP17),"",ROUND(Lanes!AU17,2)) | BA17: =IF(ISBLANK(Lanes!AP17),"",ROUND(Lanes!AV17,2)) | BB17: =IF(ISBLANK(Lanes!AW17),"",ROUND(Lanes!AW17,2)) | BC17: =IF(ISBLANK(Lanes!AX17),"",ROUND(Lanes!AX17,2)) | BD17: =IF(ISBLANK(Lanes!AY17),"",ROUND(Lanes!AY17,2)) | BE17: =IF(ISBLANK(Lanes!AX17),"",ROUND(Lanes!AZ17,2)) | BF17: =IF(ISBLANK(Lanes!BA17),"",ROUND(Lanes!BA17,2)) | BG17: =IF(ISBLANK(Lanes!BB17),"",ROUND(Lanes!BB17,2)) | BH17: =IF(ISBLANK(Lanes!AX17),"",ROUND(Lanes!BC17,2)) | BI17: =IF(ISBLANK(Lanes!AX17),"",ROUND(Lanes!BD17,2)) | BJ17: =IF(ISBLANK(Lanes!BE17),"",Lanes!BE17) | BK17: =IF(ISBLANK(Lanes!BF17),"",Lanes!BF17) | BL17: =IF(ISBLANK(Lanes!BG17),"",Lanes!BG17) | BM17: =IF(ISBLANK(Lanes!BH17),"",Lanes!BH17) | BN17: =IF(ISBLANK(Lanes!BI17),"",Lanes!BI17) | BO17: =IF(ISBLANK(Lanes!BJ17),"",Lanes!BJ17) | BP17: =IF(ISBLANK(Lanes!BK17),"",Lanes!BK17) | BQ17: =IF(ISBLANK(Lanes!BL17),"",Lanes!BL17) | BR17: =IF(ISBLANK(Lanes!BM17),"",ROUND(Lanes!BM17,0)) | BS17: =IF(ISBLANK(Lanes!BN17),"",ROUND(Lanes!BN17,0)) | BT17: =IF(ISBLANK(Lanes!BO17),"",ROUND(Lanes!BO17,0)) | BU17: =IF(ISBLANK(Lanes!BN17),"",ROUND(Lanes!BP17,0)) | BV17: =IF(ISBLANK(Lanes!BQ17),"",ROUND(Lanes!BQ17,1)) | BW17: =IF(ISBLANK(Lanes!BR17),"",Lanes!BR17) | BX17: =IF(ISBLANK(Lanes!BS17),"",Lanes!BS17) | BY17: =IF(ISBLANK(Lanes!BT17),"",Lanes!BT17) | BZ17: =IF(ISBLANK(Lanes!BU17),"",Lanes!BU17) | CA17: =IF(ISBLANK(Lanes!BV17),"",ROUND(Lanes!BV17,1)) | CB17: =IF(ISBLANK(Lanes!BW17),"",ROUND(Lanes!BW17,2)) | CC17: =IF(ISBLANK(Lanes!BX17),"",ROUND(Lanes!BX17,1)) | CD17: =IF(ISBLANK(Lanes!BY17),"",ROUND(Lanes!BY17,2)) | CE17: =IF(ISBLANK(Lanes!BZ17),"",ROUND(Lanes!BZ17,0)) | CF17: =IF(ISBLANK(Lanes!CA17),"",ROUND(Lanes!CA17,0)) | CG17: =IF(ISBLANK(Lanes!CB17),"",ROUND(Lanes!CB17,0)) | CH17: =IF(ISBLANK(Lanes!CC17),"",ROUND(Lanes!CC17,2)) | CI17: =IF(ISBLANK(Lanes!CD17),"",ROUND(Lanes!CD17,2)) | CJ17: =IF(ISBLANK(Lanes!CE17),"",ROUND(Lanes!CE17,2)) | CK17: =IF(ISBLANK(Lanes!CF17),"",ROUND(Lanes!CF17,0)) | CL17: =IF(ISBLANK(Lanes!CG17),"",ROUND(Lanes!CG17,0)) | CM17: =IF(ISBLANK(Lanes!CH17),"",ROUND(Lanes!CH17,0)) | CN17: =IF(ISBLANK(Lanes!CI17),"",ROUND(Lanes!CI17,2)) | CO17: =IF(ISBLANK(Lanes!CJ17),"",ROUND(Lanes!CJ17,2)) | CP17: =IF(ISBLANK(Lanes!CK17),"",ROUND(Lanes!CK17,2)) | CQ17: =IF(ISBLANK(Lanes!CL17),"","delete")
A18: 1422 | B18: 1115 | C18: 1 | D18: 117 | E18: 117 | F18: Existing | G18: Port to Port | H18: 40' RF | I18: Xingang | J18: Tianjin | L18: China | M18: APAC | N18: Far East | O18: Bangkok (Pat/Lat Krabang/Laem Chabang) | P18: Bangkok (Pat/Lat Krabang/Laem Chabang) | R18: Thailand | S18: APAC | T18: Far East | U18: Confectionary | V18: FOB | W18: Collect | X18: Receiving Unit | AA18: Yes | AB18: 52 | AC18: 1 | AD18: No | AE18: 0.25 | AF18: 0.25 | AG18: 0.25 | AH18: 0.25 | AI18: No | AJ18: 10 | AK18: 7 | AL18: 17 | AM18: Food grade container | AN18: 10 | AO18: 7 | AP18: 17 | AR18: 0.1 | AS18: USD | AT18: =IF(ISBLANK(Lanes!AO18),"",ROUND(Lanes!AO18,2)) | AU18: =IF(ISBLANK(Lanes!AP18),"",ROUND(Lanes!AP18,2)) | AV18: =IF(ISBLANK(Lanes!AQ18),"",ROUND(Lanes!AQ18,2)) | AW18: =IF(ISBLANK(Lanes!AP18),"",ROUND(Lanes!AR18,2)) | AX18: =IF(ISBLANK(Lanes!AS18),"",ROUND(Lanes!AS18,2)) | AY18: =IF(ISBLANK(Lanes!AT18),"",ROUND(Lanes!AT18,2)) | AZ18: =IF(ISBLANK(Lanes!AP18),"",ROUND(Lanes!AU18,2)) | BA18: =IF(ISBLANK(Lanes!AP18),"",ROUND(Lanes!AV18,2)) | BB18: =IF(ISBLANK(Lanes!AW18),"",ROUND(Lanes!AW18,2)) | BC18: =IF(ISBLANK(Lanes!AX18),"",ROUND(Lanes!AX18,2)) | BD18: =IF(ISBLANK(Lanes!AY18),"",ROUND(Lanes!AY18,2)) | BE18: =IF(ISBLANK(Lanes!AX18),"",ROUND(Lanes!AZ18,2)) | BF18: =IF(ISBLANK(Lanes!BA18),"",ROUND(Lanes!BA18,2)) | BG18: =IF(ISBLANK(Lanes!BB18),"",ROUND(Lanes!BB18,2)) | BH18: =IF(ISBLANK(Lanes!AX18),"",ROUND(Lanes!BC18,2)) | BI18: =IF(ISBLANK(Lanes!AX18),"",ROUND(Lanes!BD18,2)) | BJ18: =IF(ISBLANK(Lanes!BE18),"",Lanes!BE18) | BK18: =IF(ISBLANK(Lanes!BF18),"",Lanes!BF18) | BL18: =IF(ISBLANK(Lanes!BG18),"",Lanes!BG18) | BM18: =IF(ISBLANK(Lanes!BH18),"",Lanes!BH18) | BN18: =IF(ISBLANK(Lanes!BI18),"",Lanes!BI18) | BO18: =IF(ISBLANK(Lanes!BJ18),"",Lanes!BJ18) | BP18: =IF(ISBLANK(Lanes!BK18),"",Lanes!BK18) | BQ18: =IF(ISBLANK(Lanes!BL18),"",Lanes!BL18) | BR18: =IF(ISBLANK(Lanes!BM18),"",ROUND(Lanes!BM18,0)) | BS18: =IF(ISBLANK(Lanes!BN18),"",ROUND(Lanes!BN18,0)) | BT18: =IF(ISBLANK(Lanes!BO18),"",ROUND(Lanes!BO18,0)) | BU18: =IF(ISBLANK(Lanes!BN18),"",ROUND(Lanes!BP18,0)) | BV18: =IF(ISBLANK(Lanes!BQ18),"",ROUND(Lanes!BQ18,1)) | BW18: =IF(ISBLANK(Lanes!BR18),"",Lanes!BR18) | BX18: =IF(ISBLANK(Lanes!BS18),"",Lanes!BS18) | BY18: =IF(ISBLANK(Lanes!BT18),"",Lanes!BT18) | BZ18: =IF(ISBLANK(Lanes!BU18),"",Lanes!BU18) | CA18: =IF(ISBLANK(Lanes!BV18),"",ROUND(Lanes!BV18,1)) | CB18: =IF(ISBLANK(Lanes!BW18),"",ROUND(Lanes!BW18,2)) | CC18: =IF(ISBLANK(Lanes!BX18),"",ROUND(Lanes!BX18,1)) | CD18: =IF(ISBLANK(Lanes!BY18),"",ROUND(Lanes!BY18,2)) | CE18: =IF(ISBLANK(Lanes!BZ18),"",ROUND(Lanes!BZ18,0)) | CF18: =IF(ISBLANK(Lanes!CA18),"",ROUND(Lanes!CA18,0)) | CG18: =IF(ISBLANK(Lanes!CB18),"",ROUND(Lanes!CB18,0)) | CH18: =IF(ISBLANK(Lanes!CC18),"",ROUND(Lanes!CC18,2)) | CI18: =IF(ISBLANK(Lanes!CD18),"",ROUND(Lanes!CD18,2)) | CJ18: =IF(ISBLANK(Lanes!CE18),"",ROUND(Lanes!CE18,2)) | CK18: =IF(ISBLANK(Lanes!CF18),"",ROUND(Lanes!CF18,0)) | CL18: =IF(ISBLANK(Lanes!CG18),"",ROUND(Lanes!CG18,0)) | CM18: =IF(ISBLANK(Lanes!CH18),"",ROUND(Lanes!CH18,0)) | CN18: =IF(ISBLANK(Lanes!CI18),"",ROUND(Lanes!CI18,2)) | CO18: =IF(ISBLANK(Lanes!CJ18),"",ROUND(Lanes!CJ18,2)) | CP18: =IF(ISBLANK(Lanes!CK18),"",ROUND(Lanes!CK18,2)) | CQ18: =IF(ISBLANK(Lanes!CL18),"","delete")
A19: 1423 | B19: 1116 | C19: 1 | D19: 118 | E19: 118 | F19: Existing | G19: Port to Port | H19: 40' RF | I19: Xingang | J19: Tianjin | L19: China | M19: APAC | N19: Far East | O19: Port Klang | P19: Port Klang | R19: Malaysia | S19: APAC | T19: Far East | U19: Confectionary | V19: FOB | W19: Collect | X19: Receiving Unit | AA19: Yes | AB19: 50 | AC19: 1 | AD19: No | AE19: 0.25 | AF19: 0.25 | AG19: 0.25 | AH19: 0.25 | AI19: No | AJ19: 10 | AK19: 7 | AL19: 17 | AM19: Food grade container | AN19: 10 | AO19: 7 | AP19: 17 | AR19: 0.1 | AS19: USD | AT19: =IF(ISBLANK(Lanes!AO19),"",ROUND(Lanes!AO19,2)) | AU19: =IF(ISBLANK(Lanes!AP19),"",ROUND(Lanes!AP19,2)) | AV19: =IF(ISBLANK(Lanes!AQ19),"",ROUND(Lanes!AQ19,2)) | AW19: =IF(ISBLANK(Lanes!AP19),"",ROUND(Lanes!AR19,2)) | AX19: =IF(ISBLANK(Lanes!AS19),"",ROUND(Lanes!AS19,2)) | AY19: =IF(ISBLANK(Lanes!AT19),"",ROUND(Lanes!AT19,2)) | AZ19: =IF(ISBLANK(Lanes!AP19),"",ROUND(Lanes!AU19,2)) | BA19: =IF(ISBLANK(Lanes!AP19),"",ROUND(Lanes!AV19,2)) | BB19: =IF(ISBLANK(Lanes!AW19),"",ROUND(Lanes!AW19,2)) | BC19: =IF(ISBLANK(Lanes!AX19),"",ROUND(Lanes!AX19,2)) | BD19: =IF(ISBLANK(Lanes!AY19),"",ROUND(Lanes!AY19,2)) | BE19: =IF(ISBLANK(Lanes!AX19),"",ROUND(Lanes!AZ19,2)) | BF19: =IF(ISBLANK(Lanes!BA19),"",ROUND(Lanes!BA19,2)) | BG19: =IF(ISBLANK(Lanes!BB19),"",ROUND(Lanes!BB19,2)) | BH19: =IF(ISBLANK(Lanes!AX19),"",ROUND(Lanes!BC19,2)) | BI19: =IF(ISBLANK(Lanes!AX19),"",ROUND(Lanes!BD19,2)) | BJ19: =IF(ISBLANK(Lanes!BE19),"",Lanes!BE19) | BK19: =IF(ISBLANK(Lanes!BF19),"",Lanes!BF19) | BL19: =IF(ISBLANK(Lanes!BG19),"",Lanes!BG19) | BM19: =IF(ISBLANK(Lanes!BH19),"",Lanes!BH19) | BN19: =IF(ISBLANK(Lanes!BI19),"",Lanes!BI19) | BO19: =IF(ISBLANK(Lanes!BJ19),"",Lanes!BJ19) | BP19: =IF(ISBLANK(Lanes!BK19),"",Lanes!BK19) | BQ19: =IF(ISBLANK(Lanes!BL19),"",Lanes!BL19) | BR19: =IF(ISBLANK(Lanes!BM19),"",ROUND(Lanes!BM19,0)) | BS19: =IF(ISBLANK(Lanes!BN19),"",ROUND(Lanes!BN19,0)) | BT19: =IF(ISBLANK(Lanes!BO19),"",ROUND(Lanes!BO19,0)) | BU19: =IF(ISBLANK(Lanes!BN19),"",ROUND(Lanes!BP19,0)) | BV19: =IF(ISBLANK(Lanes!BQ19),"",ROUND(Lanes!BQ19,1)) | BW19: =IF(ISBLANK(Lanes!BR19),"",Lanes!BR19) | BX19: =IF(ISBLANK(Lanes!BS19),"",Lanes!BS19) | BY19: =IF(ISBLANK(Lanes!BT19),"",Lanes!BT19) | BZ19: =IF(ISBLANK(Lanes!BU19),"",Lanes!BU19) | CA19: =IF(ISBLANK(Lanes!BV19),"",ROUND(Lanes!BV19,1)) | CB19: =IF(ISBLANK(Lanes!BW19),"",ROUND(Lanes!BW19,2)) | CC19: =IF(ISBLANK(Lanes!BX19),"",ROUND(Lanes!BX19,1)) | CD19: =IF(ISBLANK(Lanes!BY19),"",ROUND(Lanes!BY19,2)) | CE19: =IF(ISBLANK(Lanes!BZ19),"",ROUND(Lanes!BZ19,0)) | CF19: =IF(ISBLANK(Lanes!CA19),"",ROUND(Lanes!CA19,0)) | CG19: =IF(ISBLANK(Lanes!CB19),"",ROUND(Lanes!CB19,0)) | CH19: =IF(ISBLANK(Lanes!CC19),"",ROUND(Lanes!CC19,2)) | CI19: =IF(ISBLANK(Lanes!CD19),"",ROUND(Lanes!CD19,2)) | CJ19: =IF(ISBLANK(Lanes!CE19),"",ROUND(Lanes!CE19,2)) | CK19: =IF(ISBLANK(Lanes!CF19),"",ROUND(Lanes!CF19,0)) | CL19: =IF(ISBLANK(Lanes!CG19),"",ROUND(Lanes!CG19,0)) | CM19: =IF(ISBLANK(Lanes!CH19),"",ROUND(Lanes!CH19,0)) | CN19: =IF(ISBLANK(Lanes!CI19),"",ROUND(Lanes!CI19,2)) | CO19: =IF(ISBLANK(Lanes!CJ19),"",ROUND(Lanes!CJ19,2)) | CP19: =IF(ISBLANK(Lanes!CK19),"",ROUND(Lanes!CK19,2)) | CQ19: =IF(ISBLANK(Lanes!CL19),"","delete")
A20: 1424 | B20: 1117 | C20: 1 | D20: 119 | E20: 119 | F20: Existing | G20: Port to Port | H20: 40' RF | I20: Xingang | J20: Tianjin | L20: China | M20: APAC | N20: Far East | O20: Tokyo | P20: Tokyo | R20: Japan | S20: APAC | T20: Far East | U20: Confectionary | V20: FOB | W20: Collect | X20: Receiving Unit | AA20: Yes | AB20: 189 | AC20: 4 | AD20: No | AE20: 0.25 | AF20: 0.25 | AG20: 0.25 | AH20: 0.25 | AI20: No | AJ20: 10 | AK20: 7 | AL20: 17 | AM20: Food grade container | AN20: 9 | AO20: 9 | AP20: 0 | AR20: 0.1 | AS20: USD | AT20: =IF(ISBLANK(Lanes!AO20),"",ROUND(Lanes!AO20,2)) | AU20: =IF(ISBLANK(Lanes!AP20),"",ROUND(Lanes!AP20,2)) | AV20: =IF(ISBLANK(Lanes!AQ20),"",ROUND(Lanes!AQ20,2)) | AW20: =IF(ISBLANK(Lanes!AP20),"",ROUND(Lanes!AR20,2)) | AX20: =IF(ISBLANK(Lanes!AS20),"",ROUND(Lanes!AS20,2)) | AY20: =IF(ISBLANK(Lanes!AT20),"",ROUND(Lanes!AT20,2)) | AZ20: =IF(ISBLANK(Lanes!AP20),"",ROUND(Lanes!AU20,2)) | BA20: =IF(ISBLANK(Lanes!AP20),"",ROUND(Lanes!AV20,2)) | BB20: =IF(ISBLANK(Lanes!AW20),"",ROUND(Lanes!AW20,2)) | BC20: =IF(ISBLANK(Lanes!AX20),"",ROUND(Lanes!AX20,2)) | BD20: =IF(ISBLANK(Lanes!AY20),"",ROUND(Lanes!AY20,2)) | BE20: =IF(ISBLANK(Lanes!AX20),"",ROUND(Lanes!AZ20,2)) | BF20: =IF(ISBLANK(Lanes!BA20),"",ROUND(Lanes!BA20,2)) | BG20: =IF(ISBLANK(Lanes!BB20),"",ROUND(Lanes!BB20,2)) | BH20: =IF(ISBLANK(Lanes!AX20),"",ROUND(Lanes!BC20,2)) | BI20: =IF(ISBLANK(Lanes!AX20),"",ROUND(Lanes!BD20,2)) | BJ20: =IF(ISBLANK(Lanes!BE20),"",Lanes!BE20) | BK20: =IF(ISBLANK(Lanes!BF20),"",Lanes!BF20) | BL20: =IF(ISBLANK(Lanes!BG20),"",Lanes!BG20) | BM20: =IF(ISBLANK(Lanes!BH20),"",Lanes!BH20) | BN20: =IF(ISBLANK(Lanes!BI20),"",Lanes!BI20) | BO20: =IF(ISBLANK(Lanes!BJ20),"",Lanes!BJ20) | BP20: =IF(ISBLANK(Lanes!BK20),"",Lanes!BK20) | BQ20: =IF(ISBLANK(Lanes!BL20),"",Lanes!BL20) | BR20: =IF(ISBLANK(Lanes!BM20),"",ROUND(Lanes!BM20,0)) | BS20: =IF(ISBLANK(Lanes!BN20),"",ROUND(Lanes!BN20,0)) | BT20: =IF(ISBLANK(Lanes!BO20),"",ROUND(Lanes!BO20,0)) | BU20: =IF(ISBLANK(Lanes!BN20),"",ROUND(Lanes!BP20,0)) | BV20: =IF(ISBLANK(Lanes!BQ20),"",ROUND(Lanes!BQ20,1)) | BW20: =IF(ISBLANK(Lanes!BR20),"",Lanes!BR20) | BX20: =IF(ISBLANK(Lanes!BS20),"",Lanes!BS20) | BY20: =IF(ISBLANK(Lanes!BT20),"",Lanes!BT20) | BZ20: =IF(ISBLANK(Lanes!BU20),"",Lanes!BU20) | CA20: =IF(ISBLANK(Lanes!BV20),"",ROUND(Lanes!BV20,1)) | CB20: =IF(ISBLANK(Lanes!BW20),"",ROUND(Lanes!BW20,2)) | CC20: =IF(ISBLANK(Lanes!BX20),"",ROUND(Lanes!BX20,1)) | CD20: =IF(ISBLANK(Lanes!BY20),"",ROUND(Lanes!BY20,2)) | CE20: =IF(ISBLANK(Lanes!BZ20),"",ROUND(Lanes!BZ20,0)) | CF20: =IF(ISBLANK(Lanes!CA20),"",ROUND(Lanes!CA20,0)) | CG20: =IF(ISBLANK(Lanes!CB20),"",ROUND(Lanes!CB20,0)) | CH20: =IF(ISBLANK(Lanes!CC20),"",ROUND(Lanes!CC20,2)) | CI20: =IF(ISBLANK(Lanes!CD20),"",ROUND(Lanes!CD20,2)) | CJ20: =IF(ISBLANK(Lanes!CE20),"",ROUND(Lanes!CE20,2)) | CK20: =IF(ISBLANK(Lanes!CF20),"",ROUND(Lanes!CF20,0)) | CL20: =IF(ISBLANK(Lanes!CG20),"",ROUND(Lanes!CG20,0)) | CM20: =IF(ISBLANK(Lanes!CH20),"",ROUND(Lanes!CH20,0)) | CN20: =IF(ISBLANK(Lanes!CI20),"",ROUND(Lanes!CI20,2)) | CO20: =IF(ISBLANK(Lanes!CJ20),"",ROUND(Lanes!CJ20,2)) | CP20: =IF(ISBLANK(Lanes!CK20),"",ROUND(Lanes!CK20,2)) | CQ20: =IF(ISBLANK(Lanes!CL20),"","delete")
A21: 1425 | B21: 1118 | C21: 1 | D21: 120 | E21: 120 | F21: Existing | G21: Port to Port | H21: 40' RF | I21: Xingang | J21: Tianjin | L21: China | M21: APAC | N21: Far East | O21: Manila | P21: Manila | R21: Philippines | S21: APAC | T21: Far East | U21: Confectionary | V21: FOB | W21: Collect | X21: Receiving Unit | AA21: Yes | AB21: 53 | AC21: 2 | AD21: No | AE21: 0.25 | AF21: 0.25 | AG21: 0.25 | AH21: 0.25 | AI21: No | AJ21: 10 | AK21: 7 | AL21: 17 | AM21: Food grade container | AN21: 10 | AO21: 7 | AP21: 17 | AR21: 0.1 | AS21: USD | AT21: =IF(ISBLANK(Lanes!AO21),"",ROUND(Lanes!AO21,2)) | AU21: =IF(ISBLANK(Lanes!AP21),"",ROUND(Lanes!AP21,2)) | AV21: =IF(ISBLANK(Lanes!AQ21),"",ROUND(Lanes!AQ21,2)) | AW21: =IF(ISBLANK(Lanes!AP21),"",ROUND(Lanes!AR21,2)) | AX21: =IF(ISBLANK(Lanes!AS21),"",ROUND(Lanes!AS21,2)) | AY21: =IF(ISBLANK(Lanes!AT21),"",ROUND(Lanes!AT21,2)) | AZ21: =IF(ISBLANK(Lanes!AP21),"",ROUND(Lanes!AU21,2)) | BA21: =IF(ISBLANK(Lanes!AP21),"",ROUND(Lanes!AV21,2)) | BB21: =IF(ISBLANK(Lanes!AW21),"",ROUND(Lanes!AW21,2)) | BC21: =IF(ISBLANK(Lanes!AX21),"",ROUND(Lanes!AX21,2)) | BD21: =IF(ISBLANK(Lanes!AY21),"",ROUND(Lanes!AY21,2)) | BE21: =IF(ISBLANK(Lanes!AX21),"",ROUND(Lanes!AZ21,2)) | BF21: =IF(ISBLANK(Lanes!BA21),"",ROUND(Lanes!BA21,2)) | BG21: =IF(ISBLANK(Lanes!BB21),"",ROUND(Lanes!BB21,2)) | BH21: =IF(ISBLANK(Lanes!AX21),"",ROUND(Lanes!BC21,2)) | BI21: =IF(ISBLANK(Lanes!AX21),"",ROUND(Lanes!BD21,2)) | BJ21: =IF(ISBLANK(Lanes!BE21),"",Lanes!BE21) | BK21: =IF(ISBLANK(Lanes!BF21),"",Lanes!BF21) | BL21: =IF(ISBLANK(Lanes!BG21),"",Lanes!BG21) | BM21: =IF(ISBLANK(Lanes!BH21),"",Lanes!BH21) | BN21: =IF(ISBLANK(Lanes!BI21),"",Lanes!BI21) | BO21: =IF(ISBLANK(Lanes!BJ21),"",Lanes!BJ21) | BP21: =IF(ISBLANK(Lanes!BK21),"",Lanes!BK21) | BQ21: =IF(ISBLANK(Lanes!BL21),"",Lanes!BL21) | BR21: =IF(ISBLANK(Lanes!BM21),"",ROUND(Lanes!BM21,0)) | BS21: =IF(ISBLANK(Lanes!BN21),"",ROUND(Lanes!BN21,0)) | BT21: =IF(ISBLANK(Lanes!BO21),"",ROUND(Lanes!BO21,0)) | BU21: =IF(ISBLANK(Lanes!BN21),"",ROUND(Lanes!BP21,0)) | BV21: =IF(ISBLANK(Lanes!BQ21),"",ROUND(Lanes!BQ21,1)) | BW21: =IF(ISBLANK(Lanes!BR21),"",Lanes!BR21) | BX21: =IF(ISBLANK(Lanes!BS21),"",Lanes!BS21) | BY21: =IF(ISBLANK(Lanes!BT21),"",Lanes!BT21) | BZ21: =IF(ISBLANK(Lanes!BU21),"",Lanes!BU21) | CA21: =IF(ISBLANK(Lanes!BV21),"",ROUND(Lanes!BV21,1)) | CB21: =IF(ISBLANK(Lanes!BW21),"",ROUND(Lanes!BW21,2)) | CC21: =IF(ISBLANK(Lanes!BX21),"",ROUND(Lanes!BX21,1)) | CD21: =IF(ISBLANK(Lanes!BY21),"",ROUND(Lanes!BY21,2)) | CE21: =IF(ISBLANK(Lanes!BZ21),"",ROUND(Lanes!BZ21,0)) | CF21: =IF(ISBLANK(Lanes!CA21),"",ROUND(Lanes!CA21,0)) | CG21: =IF(ISBLANK(Lanes!CB21),"",ROUND(Lanes!CB21,0)) | CH21: =IF(ISBLANK(Lanes!CC21),"",ROUND(Lanes!CC21,2)) | CI21: =IF(ISBLANK(Lanes!CD21),"",ROUND(Lanes!CD21,2)) | CJ21: =IF(ISBLANK(Lanes!CE21),"",ROUND(Lanes!CE21,2)) | CK21: =IF(ISBLANK(Lanes!CF21),"",ROUND(Lanes!CF21,0)) | CL21: =IF(ISBLANK(Lanes!CG21),"",ROUND(Lanes!CG21,0)) | CM21: =IF(ISBLANK(Lanes!CH21),"",ROUND(Lanes!CH21,0)) | CN21: =IF(ISBLANK(Lanes!CI21),"",ROUND(Lanes!CI21,2)) | CO21: =IF(ISBLANK(Lanes!CJ21),"",ROUND(Lanes!CJ21,2)) | CP21: =IF(ISBLANK(Lanes!CK21),"",ROUND(Lanes!CK21,2)) | CQ21: =IF(ISBLANK(Lanes!CL21),"","delete")
A22: 1426 | B22: 1119 | C22: 1 | D22: 121 | E22: 121 | F22: Existing | G22: Port to Port | H22: 40' RF | I22: Xingang | J22: Tianjin | L22: China | M22: APAC | N22: Far East | O22: Jakarta | P22: Jakarta | R22: Indonesia | S22: APAC | T22: Far East | U22: Confectionary | V22: FOB | W22: Collect | X22: Receiving Unit | AA22: Yes | AB22: 44 | AC22: 1 | AD22: No | AE22: 0.25 | AF22: 0.25 | AG22: 0.25 | AH22: 0.25 | AI22: No | AJ22: 10 | AK22: 7 | AL22: 17 | AM22: Food grade container | AN22: 10 | AO22: 7 | AP22: 17 | AR22: 0.1 | AS22: USD | AT22: =IF(ISBLANK(Lanes!AO22),"",ROUND(Lanes!AO22,2)) | AU22: =IF(ISBLANK(Lanes!AP22),"",ROUND(Lanes!AP22,2)) | AV22: =IF(ISBLANK(Lanes!AQ22),"",ROUND(Lanes!AQ22,2)) | AW22: =IF(ISBLANK(Lanes!AP22),"",ROUND(Lanes!AR22,2)) | AX22: =IF(ISBLANK(Lanes!AS22),"",ROUND(Lanes!AS22,2)) | AY22: =IF(ISBLANK(Lanes!AT22),"",ROUND(Lanes!AT22,2)) | AZ22: =IF(ISBLANK(Lanes!AP22),"",ROUND(Lanes!AU22,2)) | BA22: =IF(ISBLANK(Lanes!AP22),"",ROUND(Lanes!AV22,2)) | BB22: =IF(ISBLANK(Lanes!AW22),"",ROUND(Lanes!AW22,2)) | BC22: =IF(ISBLANK(Lanes!AX22),"",ROUND(Lanes!AX22,2)) | BD22: =IF(ISBLANK(Lanes!AY22),"",ROUND(Lanes!AY22,2)) | BE22: =IF(ISBLANK(Lanes!AX22),"",ROUND(Lanes!AZ22,2)) | BF22: =IF(ISBLANK(Lanes!BA22),"",ROUND(Lanes!BA22,2)) | BG22: =IF(ISBLANK(Lanes!BB22),"",ROUND(Lanes!BB22,2)) | BH22: =IF(ISBLANK(Lanes!AX22),"",ROUND(Lanes!BC22,2)) | BI22: =IF(ISBLANK(Lanes!AX22),"",ROUND(Lanes!BD22,2)) | BJ22: =IF(ISBLANK(Lanes!BE22),"",Lanes!BE22) | BK22: =IF(ISBLANK(Lanes!BF22),"",Lanes!BF22) | BL22: =IF(ISBLANK(Lanes!BG22),"",Lanes!BG22) | BM22: =IF(ISBLANK(Lanes!BH22),"",Lanes!BH22) | BN22: =IF(ISBLANK(Lanes!BI22),"",Lanes!BI22) | BO22: =IF(ISBLANK(Lanes!BJ22),"",Lanes!BJ22) | BP22: =IF(ISBLANK(Lanes!BK22),"",Lanes!BK22) | BQ22: =IF(ISBLANK(Lanes!BL22),"",Lanes!BL22) | BR22: =IF(ISBLANK(Lanes!BM22),"",ROUND(Lanes!BM22,0)) | BS22: =IF(ISBLANK(Lanes!BN22),"",ROUND(Lanes!BN22,0)) | BT22: =IF(ISBLANK(Lanes!BO22),"",ROUND(Lanes!BO22,0)) | BU22: =IF(ISBLANK(Lanes!BN22),"",ROUND(Lanes!BP22,0)) | BV22: =IF(ISBLANK(Lanes!BQ22),"",ROUND(Lanes!BQ22,1)) | BW22: =IF(ISBLANK(Lanes!BR22),"",Lanes!BR22) | BX22: =IF(ISBLANK(Lanes!BS22),"",Lanes!BS22) | BY22: =IF(ISBLANK(Lanes!BT22),"",Lanes!BT22) | BZ22: =IF(ISBLANK(Lanes!BU22),"",Lanes!BU22) | CA22: =IF(ISBLANK(Lanes!BV22),"",ROUND(Lanes!BV22,1)) | CB22: =IF(ISBLANK(Lanes!BW22),"",ROUND(Lanes!BW22,2)) | CC22: =IF(ISBLANK(Lanes!BX22),"",ROUND(Lanes!BX22,1)) | CD22: =IF(ISBLANK(Lanes!BY22),"",ROUND(Lanes!BY22,2)) | CE22: =IF(ISBLANK(Lanes!BZ22),"",ROUND(Lanes!BZ22,0)) | CF22: =IF(ISBLANK(Lanes!CA22),"",ROUND(Lanes!CA22,0)) | CG22: =IF(ISBLANK(Lanes!CB22),"",ROUND(Lanes!CB22,0)) | CH22: =IF(ISBLANK(Lanes!CC22),"",ROUND(Lanes!CC22,2)) | CI22: =IF(ISBLANK(Lanes!CD22),"",ROUND(Lanes!CD22,2)) | CJ22: =IF(ISBLANK(Lanes!CE22),"",ROUND(Lanes!CE22,2)) | CK22: =IF(ISBLANK(Lanes!CF22),"",ROUND(Lanes!CF22,0)) | CL22: =IF(ISBLANK(Lanes!CG22),"",ROUND(Lanes!CG22,0)) | CM22: =IF(ISBLANK(Lanes!CH22),"",ROUND(Lanes!CH22,0)) | CN22: =IF(ISBLANK(Lanes!CI22),"",ROUND(Lanes!CI22,2)) | CO22: =IF(ISBLANK(Lanes!CJ22),"",ROUND(Lanes!CJ22,2)) | CP22: =IF(ISBLANK(Lanes!CK22),"",ROUND(Lanes!CK22,2)) | CQ22: =IF(ISBLANK(Lanes!CL22),"","delete")
A23: 1427 | B23: 1120 | C23: 1 | D23: 122 | E23: 122 | F23: Existing | G23: Port to Port | H23: 20' RF | I23: Xingang | J23: Tianjin | L23: China | M23: APAC | N23: Far East | O23: Bangkok (Pat/Lat Krabang/Laem Chabang) | P23: Bangkok (Pat/Lat Krabang/Laem Chabang) | R23: Thailand | S23: APAC | T23: Far East | U23: Confectionary | V23: FOB | W23: Collect | X23: Receiving Unit | AA23: Yes | AB23: 14 | AC23: 1 | AD23: No | AE23: 0.25 | AF23: 0.25 | AG23: 0.25 | AH23: 0.25 | AI23: No | AJ23: 10 | AK23: 7 | AL23: 17 | AM23: Food grade container | AN23: 10 | AO23: 7 | AP23: 17 | AR23: 0.1 | AS23: USD | AT23: =IF(ISBLANK(Lanes!AO23),"",ROUND(Lanes!AO23,2)) | AU23: =IF(ISBLANK(Lanes!AP23),"",ROUND(Lanes!AP23,2)) | AV23: =IF(ISBLANK(Lanes!AQ23),"",ROUND(Lanes!AQ23,2)) | AW23: =IF(ISBLANK(Lanes!AP23),"",ROUND(Lanes!AR23,2)) | AX23: =IF(ISBLANK(Lanes!AS23),"",ROUND(Lanes!AS23,2)) | AY23: =IF(ISBLANK(Lanes!AT23),"",ROUND(Lanes!AT23,2)) | AZ23: =IF(ISBLANK(Lanes!AP23),"",ROUND(Lanes!AU23,2)) | BA23: =IF(ISBLANK(Lanes!AP23),"",ROUND(Lanes!AV23,2)) | BB23: =IF(ISBLANK(Lanes!AW23),"",ROUND(Lanes!AW23,2)) | BC23: =IF(ISBLANK(Lanes!AX23),"",ROUND(Lanes!AX23,2)) | BD23: =IF(ISBLANK(Lanes!AY23),"",ROUND(Lanes!AY23,2)) | BE23: =IF(ISBLANK(Lanes!AX23),"",ROUND(Lanes!AZ23,2)) | BF23: =IF(ISBLANK(Lanes!BA23),"",ROUND(Lanes!BA23,2)) | BG23: =IF(ISBLANK(Lanes!BB23),"",ROUND(Lanes!BB23,2)) | BH23: =IF(ISBLANK(Lanes!AX23),"",ROUND(Lanes!BC23,2)) | BI23: =IF(ISBLANK(Lanes!AX23),"",ROUND(Lanes!BD23,2)) | BJ23: =IF(ISBLANK(Lanes!BE23),"",Lanes!BE23) | BK23: =IF(ISBLANK(Lanes!BF23),"",Lanes!BF23) | BL23: =IF(ISBLANK(Lanes!BG23),"",Lanes!BG23) | BM23: =IF(ISBLANK(Lanes!BH23),"",Lanes!BH23) | BN23: =IF(ISBLANK(Lanes!BI23),"",Lanes!BI23) | BO23: =IF(ISBLANK(Lanes!BJ23),"",Lanes!BJ23) | BP23: =IF(ISBLANK(Lanes!BK23),"",Lanes!BK23) | BQ23: =IF(ISBLANK(Lanes!BL23),"",Lanes!BL23) | BR23: =IF(ISBLANK(Lanes!BM23),"",ROUND(Lanes!BM23,0)) | BS23: =IF(ISBLANK(Lanes!BN23),"",ROUND(Lanes!BN23,0)) | BT23: =IF(ISBLANK(Lanes!BO23),"",ROUND(Lanes!BO23,0)) | BU23: =IF(ISBLANK(Lanes!BN23),"",ROUND(Lanes!BP23,0)) | BV23: =IF(ISBLANK(Lanes!BQ23),"",ROUND(Lanes!BQ23,1)) | BW23: =IF(ISBLANK(Lanes!BR23),"",Lanes!BR23) | BX23: =IF(ISBLANK(Lanes!BS23),"",Lanes!BS23) | BY23: =IF(ISBLANK(Lanes!BT23),"",Lanes!BT23) | BZ23: =IF(ISBLANK(Lanes!BU23),"",Lanes!BU23) | CA23: =IF(ISBLANK(Lanes!BV23),"",ROUND(Lanes!BV23,1)) | CB23: =IF(ISBLANK(Lanes!BW23),"",ROUND(Lanes!BW23,2)) | CC23: =IF(ISBLANK(Lanes!BX23),"",ROUND(Lanes!BX23,1)) | CD23: =IF(ISBLANK(Lanes!BY23),"",ROUND(Lanes!BY23,2)) | CE23: =IF(ISBLANK(Lanes!BZ23),"",ROUND(Lanes!BZ23,0)) | CF23: =IF(ISBLANK(Lanes!CA23),"",ROUND(Lanes!CA23,0)) | CG23: =IF(ISBLANK(Lanes!CB23),"",ROUND(Lanes!CB23,0)) | CH23: =IF(ISBLANK(Lanes!CC23),"",ROUND(Lanes!CC23,2)) | CI23: =IF(ISBLANK(Lanes!CD23),"",ROUND(Lanes!CD23,2)) | CJ23: =IF(ISBLANK(Lanes!CE23),"",ROUND(Lanes!CE23,2)) | CK23: =IF(ISBLANK(Lanes!CF23),"",ROUND(Lanes!CF23,0)) | CL23: =IF(ISBLANK(Lanes!CG23),"",ROUND(Lanes!CG23,0)) | CM23: =IF(ISBLANK(Lanes!CH23),"",ROUND(Lanes!CH23,0)) | CN23: =IF(ISBLANK(Lanes!CI23),"",ROUND(Lanes!CI23,2)) | CO23: =IF(ISBLANK(Lanes!CJ23),"",ROUND(Lanes!CJ23,2)) | CP23: =IF(ISBLANK(Lanes!CK23),"",ROUND(Lanes!CK23,2)) | CQ23: =IF(ISBLANK(Lanes!CL23),"","delete")
A24: 1428 | B24: 1121 | C24: 1 | D24: 123 | E24: 123 | F24: Existing | G24: Port to Port | H24: 20' RF | I24: Xingang | J24: Tianjin | L24: China | M24: APAC | N24: Far East | O24: Tokyo | P24: Tokyo | R24: Japan | S24: APAC | T24: Far East | U24: Confectionary | V24: FOB | W24: Collect | X24: Receiving Unit | AA24: Yes | AB24: 5 | AC24: 1 | AD24: No | AE24: 0.25 | AF24: 0.25 | AG24: 0.25 | AH24: 0.25 | AI24: No | AJ24: 10 | AK24: 7 | AL24: 17 | AM24: Food grade container | AN24: 9 | AO24: 9 | AP24: 0 | AR24: 0.1 | AS24: USD | AT24: =IF(ISBLANK(Lanes!AO24),"",ROUND(Lanes!AO24,2)) | AU24: =IF(ISBLANK(Lanes!AP24),"",ROUND(Lanes!AP24,2)) | AV24: =IF(ISBLANK(Lanes!AQ24),"",ROUND(Lanes!AQ24,2)) | AW24: =IF(ISBLANK(Lanes!AP24),"",ROUND(Lanes!AR24,2)) | AX24: =IF(ISBLANK(Lanes!AS24),"",ROUND(Lanes!AS24,2)) | AY24: =IF(ISBLANK(Lanes!AT24),"",ROUND(Lanes!AT24,2)) | AZ24: =IF(ISBLANK(Lanes!AP24),"",ROUND(Lanes!AU24,2)) | BA24: =IF(ISBLANK(Lanes!AP24),"",ROUND(Lanes!AV24,2)) | BB24: =IF(ISBLANK(Lanes!AW24),"",ROUND(Lanes!AW24,2)) | BC24: =IF(ISBLANK(Lanes!AX24),"",ROUND(Lanes!AX24,2)) | BD24: =IF(ISBLANK(Lanes!AY24),"",ROUND(Lanes!AY24,2)) | BE24: =IF(ISBLANK(Lanes!AX24),"",ROUND(Lanes!AZ24,2)) | BF24: =IF(ISBLANK(Lanes!BA24),"",ROUND(Lanes!BA24,2)) | BG24: =IF(ISBLANK(Lanes!BB24),"",ROUND(Lanes!BB24,2)) | BH24: =IF(ISBLANK(Lanes!AX24),"",ROUND(Lanes!BC24,2)) | BI24: =IF(ISBLANK(Lanes!AX24),"",ROUND(Lanes!BD24,2)) | BJ24: =IF(ISBLANK(Lanes!BE24),"",Lanes!BE24) | BK24: =IF(ISBLANK(Lanes!BF24),"",Lanes!BF24) | BL24: =IF(ISBLANK(Lanes!BG24),"",Lanes!BG24) | BM24: =IF(ISBLANK(Lanes!BH24),"",Lanes!BH24) | BN24: =IF(ISBLANK(Lanes!BI24),"",Lanes!BI24) | BO24: =IF(ISBLANK(Lanes!BJ24),"",Lanes!BJ24) | BP24: =IF(ISBLANK(Lanes!BK24),"",Lanes!BK24) | BQ24: =IF(ISBLANK(Lanes!BL24),"",Lanes!BL24) | BR24: =IF(ISBLANK(Lanes!BM24),"",ROUND(Lanes!BM24,0)) | BS24: =IF(ISBLANK(Lanes!BN24),"",ROUND(Lanes!BN24,0)) | BT24: =IF(ISBLANK(Lanes!BO24),"",ROUND(Lanes!BO24,0)) | BU24: =IF(ISBLANK(Lanes!BN24),"",ROUND(Lanes!BP24,0)) | BV24: =IF(ISBLANK(Lanes!BQ24),"",ROUND(Lanes!BQ24,1)) | BW24: =IF(ISBLANK(Lanes!BR24),"",Lanes!BR24) | BX24: =IF(ISBLANK(Lanes!BS24),"",Lanes!BS24) | BY24: =IF(ISBLANK(Lanes!BT24),"",Lanes!BT24) | BZ24: =IF(ISBLANK(Lanes!BU24),"",Lanes!BU24) | CA24: =IF(ISBLANK(Lanes!BV24),"",ROUND(Lanes!BV24,1)) | CB24: =IF(ISBLANK(Lanes!BW24),"",ROUND(Lanes!BW24,2)) | CC24: =IF(ISBLANK(Lanes!BX24),"",ROUND(Lanes!BX24,1)) | CD24: =IF(ISBLANK(Lanes!BY24),"",ROUND(Lanes!BY24,2)) | CE24: =IF(ISBLANK(Lanes!BZ24),"",ROUND(Lanes!BZ24,0)) | CF24: =IF(ISBLANK(Lanes!CA24),"",ROUND(Lanes!CA24,0)) | CG24: =IF(ISBLANK(Lanes!CB24),"",ROUND(Lanes!CB24,0)) | CH24: =IF(ISBLANK(Lanes!CC24),"",ROUND(Lanes!CC24,2)) | CI24: =IF(ISBLANK(Lanes!CD24),"",ROUND(Lanes!CD24,2)) | CJ24: =IF(ISBLANK(Lanes!CE24),"",ROUND(Lanes!CE24,2)) | CK24: =IF(ISBLANK(Lanes!CF24),"",ROUND(Lanes!CF24,0)) | CL24: =IF(ISBLANK(Lanes!CG24),"",ROUND(Lanes!CG24,0)) | CM24: =IF(ISBLANK(Lanes!CH24),"",ROUND(Lanes!CH24,0)) | CN24: =IF(ISBLANK(Lanes!CI24),"",ROUND(Lanes!CI24,2)) | CO24: =IF(ISBLANK(Lanes!CJ24),"",ROUND(Lanes!CJ24,2)) | CP24: =IF(ISBLANK(Lanes!CK24),"",ROUND(Lanes!CK24,2)) | CQ24: =IF(ISBLANK(Lanes!CL24),"","delete")
A25: 1429 | B25: 1122 | C25: 1 | D25: 124 | E25: 124 | F25: Existing | G25: Port to Port | H25: 20' RF | I25: Xingang | J25: Tianjin | L25: China | M25: APAC | N25: Far East | O25: Hong Kong | P25: Hong Kong | R25: Hong Kong | S25: APAC | T25: Far East | U25: Confectionary | V25: FOB | W25: Collect | X25: Receiving Unit | AA25: Yes | AB25: 7 | AC25: 1 | AD25: No | AE25: 0.25 | AF25: 0.25 | AG25: 0.25 | AH25: 0.25 | AI25: No | AJ25: 10 | AK25: 7 | AL25: 17 | AM25: Food grade container | AN25: 10 | AO25: 7 | AP25: 17 | AR25: 0.1 | AS25: USD | AT25: =IF(ISBLANK(Lanes!AO25),"",ROUND(Lanes!AO25,2)) | AU25: =IF(ISBLANK(Lanes!AP25),"",ROUND(Lanes!AP25,2)) | AV25: =IF(ISBLANK(Lanes!AQ25),"",ROUND(Lanes!AQ25,2)) | AW25: =IF(ISBLANK(Lanes!AP25),"",ROUND(Lanes!AR25,2)) | AX25: =IF(ISBLANK(Lanes!AS25),"",ROUND(Lanes!AS25,2)) | AY25: =IF(ISBLANK(Lanes!AT25),"",ROUND(Lanes!AT25,2)) | AZ25: =IF(ISBLANK(Lanes!AP25),"",ROUND(Lanes!AU25,2)) | BA25: =IF(ISBLANK(Lanes!AP25),"",ROUND(Lanes!AV25,2)) | BB25: =IF(ISBLANK(Lanes!AW25),"",ROUND(Lanes!AW25,2)) | BC25: =IF(ISBLANK(Lanes!AX25),"",ROUND(Lanes!AX25,2)) | BD25: =IF(ISBLANK(Lanes!AY25),"",ROUND(Lanes!AY25,2)) | BE25: =IF(ISBLANK(Lanes!AX25),"",ROUND(Lanes!AZ25,2)) | BF25: =IF(ISBLANK(Lanes!BA25),"",ROUND(Lanes!BA25,2)) | BG25: =IF(ISBLANK(Lanes!BB25),"",ROUND(Lanes!BB25,2)) | BH25: =IF(ISBLANK(Lanes!AX25),"",ROUND(Lanes!BC25,2)) | BI25: =IF(ISBLANK(Lanes!AX25),"",ROUND(Lanes!BD25,2)) | BJ25: =IF(ISBLANK(Lanes!BE25),"",Lanes!BE25) | BK25: =IF(ISBLANK(Lanes!BF25),"",Lanes!BF25) | BL25: =IF(ISBLANK(Lanes!BG25),"",Lanes!BG25) | BM25: =IF(ISBLANK(Lanes!BH25),"",Lanes!BH25) | BN25: =IF(ISBLANK(Lanes!BI25),"",Lanes!BI25) | BO25: =IF(ISBLANK(Lanes!BJ25),"",Lanes!BJ25) | BP25: =IF(ISBLANK(Lanes!BK25),"",Lanes!BK25) | BQ25: =IF(ISBLANK(Lanes!BL25),"",Lanes!BL25) | BR25: =IF(ISBLANK(Lanes!BM25),"",ROUND(Lanes!BM25,0)) | BS25: =IF(ISBLANK(Lanes!BN25),"",ROUND(Lanes!BN25,0)) | BT25: =IF(ISBLANK(Lanes!BO25),"",ROUND(Lanes!BO25,0)) | BU25: =IF(ISBLANK(Lanes!BN25),"",ROUND(Lanes!BP25,0)) | BV25: =IF(ISBLANK(Lanes!BQ25),"",ROUND(Lanes!BQ25,1)) | BW25: =IF(ISBLANK(Lanes!BR25),"",Lanes!BR25) | BX25: =IF(ISBLANK(Lanes!BS25),"",Lanes!BS25) | BY25: =IF(ISBLANK(Lanes!BT25),"",Lanes!BT25) | BZ25: =IF(ISBLANK(Lanes!BU25),"",Lanes!BU25) | CA25: =IF(ISBLANK(Lanes!BV25),"",ROUND(Lanes!BV25,1)) | CB25: =IF(ISBLANK(Lanes!BW25),"",ROUND(Lanes!BW25,2)) | CC25: =IF(ISBLANK(Lanes!BX25),"",ROUND(Lanes!BX25,1)) | CD25: =IF(ISBLANK(Lanes!BY25),"",ROUND(Lanes!BY25,2)) | CE25: =IF(ISBLANK(Lanes!BZ25),"",ROUND(Lanes!BZ25,0)) | CF25: =IF(ISBLANK(Lanes!CA25),"",ROUND(Lanes!CA25,0)) | CG25: =IF(ISBLANK(Lanes!CB25),"",ROUND(Lanes!CB25,0)) | CH25: =IF(ISBLANK(Lanes!CC25),"",ROUND(Lanes!CC25,2)) | CI25: =IF(ISBLANK(Lanes!CD25),"",ROUND(Lanes!CD25,2)) | CJ25: =IF(ISBLANK(Lanes!CE25),"",ROUND(Lanes!CE25,2)) | CK25: =IF(ISBLANK(Lanes!CF25),"",ROUND(Lanes!CF25,0)) | CL25: =IF(ISBLANK(Lanes!CG25),"",ROUND(Lanes!CG25,0)) | CM25: =IF(ISBLANK(Lanes!CH25),"",ROUND(Lanes!CH25,0)) | CN25: =IF(ISBLANK(Lanes!CI25),"",ROUND(Lanes!CI25,2)) | CO25: =IF(ISBLANK(Lanes!CJ25),"",ROUND(Lanes!CJ25,2)) | CP25: =IF(ISBLANK(Lanes!CK25),"",ROUND(Lanes!CK25,2)) | CQ25: =IF(ISBLANK(Lanes!CL25),"","delete")
A26: 1430 | B26: 1123 | C26: 1 | D26: 125 | E26: 125 | F26: Existing | G26: Port to Port | H26: 40' RF | I26: Xingang | J26: Tianjin | L26: China | M26: APAC | N26: Far East | O26: Hong Kong | P26: Hong Kong | R26: Hong Kong | S26: APAC | T26: Far East | U26: Confectionary | V26: FOB | W26: Collect | X26: Receiving Unit | AA26: Yes | AB26: 29 | AC26: 1 | AD26: No | AE26: 0.25 | AF26: 0.25 | AG26: 0.25 | AH26: 0.25 | AI26: No | AJ26: 10 | AK26: 7 | AL26: 17 | AM26: Food grade container | AN26: 10 | AO26: 7 | AP26: 17 | AR26: 0.1 | AS26: USD | AT26: =IF(ISBLANK(Lanes!AO26),"",ROUND(Lanes!AO26,2)) | AU26: =IF(ISBLANK(Lanes!AP26),"",ROUND(Lanes!AP26,2)) | AV26: =IF(ISBLANK(Lanes!AQ26),"",ROUND(Lanes!AQ26,2)) | AW26: =IF(ISBLANK(Lanes!AP26),"",ROUND(Lanes!AR26,2)) | AX26: =IF(ISBLANK(Lanes!AS26),"",ROUND(Lanes!AS26,2)) | AY26: =IF(ISBLANK(Lanes!AT26),"",ROUND(Lanes!AT26,2)) | AZ26: =IF(ISBLANK(Lanes!AP26),"",ROUND(Lanes!AU26,2)) | BA26: =IF(ISBLANK(Lanes!AP26),"",ROUND(Lanes!AV26,2)) | BB26: =IF(ISBLANK(Lanes!AW26),"",ROUND(Lanes!AW26,2)) | BC26: =IF(ISBLANK(Lanes!AX26),"",ROUND(Lanes!AX26,2)) | BD26: =IF(ISBLANK(Lanes!AY26),"",ROUND(Lanes!AY26,2)) | BE26: =IF(ISBLANK(Lanes!AX26),"",ROUND(Lanes!AZ26,2)) | BF26: =IF(ISBLANK(Lanes!BA26),"",ROUND(Lanes!BA26,2)) | BG26: =IF(ISBLANK(Lanes!BB26),"",ROUND(Lanes!BB26,2)) | BH26: =IF(ISBLANK(Lanes!AX26),"",ROUND(Lanes!BC26,2)) | BI26: =IF(ISBLANK(Lanes!AX26),"",ROUND(Lanes!BD26,2)) | BJ26: =IF(ISBLANK(Lanes!BE26),"",Lanes!BE26) | BK26: =IF(ISBLANK(Lanes!BF26),"",Lanes!BF26) | BL26: =IF(ISBLANK(Lanes!BG26),"",Lanes!BG26) | BM26: =IF(ISBLANK(Lanes!BH26),"",Lanes!BH26) | BN26: =IF(ISBLANK(Lanes!BI26),"",Lanes!BI26) | BO26: =IF(ISBLANK(Lanes!BJ26),"",Lanes!BJ26) | BP26: =IF(ISBLANK(Lanes!BK26),"",Lanes!BK26) | BQ26: =IF(ISBLANK(Lanes!BL26),"",Lanes!BL26) | BR26: =IF(ISBLANK(Lanes!BM26),"",ROUND(Lanes!BM26,0)) | BS26: =IF(ISBLANK(Lanes!BN26),"",ROUND(Lanes!BN26,0)) | BT26: =IF(ISBLANK(Lanes!BO26),"",ROUND(Lanes!BO26,0)) | BU26: =IF(ISBLANK(Lanes!BN26),"",ROUND(Lanes!BP26,0)) | BV26: =IF(ISBLANK(Lanes!BQ26),"",ROUND(Lanes!BQ26,1)) | BW26: =IF(ISBLANK(Lanes!BR26),"",Lanes!BR26) | BX26: =IF(ISBLANK(Lanes!BS26),"",Lanes!BS26) | BY26: =IF(ISBLANK(Lanes!BT26),"",Lanes!BT26) | BZ26: =IF(ISBLANK(Lanes!BU26),"",Lanes!BU26) | CA26: =IF(ISBLANK(Lanes!BV26),"",ROUND(Lanes!BV26,1)) | CB26: =IF(ISBLANK(Lanes!BW26),"",ROUND(Lanes!BW26,2)) | CC26: =IF(ISBLANK(Lanes!BX26),"",ROUND(Lanes!BX26,1)) | CD26: =IF(ISBLANK(Lanes!BY26),"",ROUND(Lanes!BY26,2)) | CE26: =IF(ISBLANK(Lanes!BZ26),"",ROUND(Lanes!BZ26,0)) | CF26: =IF(ISBLANK(Lanes!CA26),"",ROUND(Lanes!CA26,0)) | CG26: =IF(ISBLANK(Lanes!CB26),"",ROUND(Lanes!CB26,0)) | CH26: =IF(ISBLANK(Lanes!CC26),"",ROUND(Lanes!CC26,2)) | CI26: =IF(ISBLANK(Lanes!CD26),"",ROUND(Lanes!CD26,2)) | CJ26: =IF(ISBLANK(Lanes!CE26),"",ROUND(Lanes!CE26,2)) | CK26: =IF(ISBLANK(Lanes!CF26),"",ROUND(Lanes!CF26,0)) | CL26: =IF(ISBLANK(Lanes!CG26),"",ROUND(Lanes!CG26,0)) | CM26: =IF(ISBLANK(Lanes!CH26),"",ROUND(Lanes!CH26,0)) | CN26: =IF(ISBLANK(Lanes!CI26),"",ROUND(Lanes!CI26,2)) | CO26: =IF(ISBLANK(Lanes!CJ26),"",ROUND(Lanes!CJ26,2)) | CP26: =IF(ISBLANK(Lanes!CK26),"",ROUND(Lanes!CK26,2)) | CQ26: =IF(ISBLANK(Lanes!CL26),"","delete")
A27: 1431 | B27: 1124 | C27: 1 | D27: 126 | E27: 126 | F27: Existing | G27: Port to Port | H27: 20' RF | I27: Xingang | J27: Tianjin | L27: China | M27: APAC | N27: Far East | O27: Jakarta | P27: Jakarta | R27: Indonesia | S27: APAC | T27: Far East | U27: Confectionary | V27: FOB | W27: Collect | X27: Receiving Unit | AA27: Yes | AB27: 5 | AC27: 1 | AD27: No | AE27: 0.25 | AF27: 0.25 | AG27: 0.25 | AH27: 0.25 | AI27: No | AJ27: 10 | AK27: 7 | AL27: 17 | AM27: Food grade container | AN27: 10 | AO27: 7 | AP27: 17 | AR27: 0.1 | AS27: USD | AT27: =IF(ISBLANK(Lanes!AO27),"",ROUND(Lanes!AO27,2)) | AU27: =IF(ISBLANK(Lanes!AP27),"",ROUND(Lanes!AP27,2)) | AV27: =IF(ISBLANK(Lanes!AQ27),"",ROUND(Lanes!AQ27,2)) | AW27: =IF(ISBLANK(Lanes!AP27),"",ROUND(Lanes!AR27,2)) | AX27: =IF(ISBLANK(Lanes!AS27),"",ROUND(Lanes!AS27,2)) | AY27: =IF(ISBLANK(Lanes!AT27),"",ROUND(Lanes!AT27,2)) | AZ27: =IF(ISBLANK(Lanes!AP27),"",ROUND(Lanes!AU27,2)) | BA27: =IF(ISBLANK(Lanes!AP27),"",ROUND(Lanes!AV27,2)) | BB27: =IF(ISBLANK(Lanes!AW27),"",ROUND(Lanes!AW27,2)) | BC27: =IF(ISBLANK(Lanes!AX27),"",ROUND(Lanes!AX27,2)) | BD27: =IF(ISBLANK(Lanes!AY27),"",ROUND(Lanes!AY27,2)) | BE27: =IF(ISBLANK(Lanes!AX27),"",ROUND(Lanes!AZ27,2)) | BF27: =IF(ISBLANK(Lanes!BA27),"",ROUND(Lanes!BA27,2)) | BG27: =IF(ISBLANK(Lanes!BB27),"",ROUND(Lanes!BB27,2)) | BH27: =IF(ISBLANK(Lanes!AX27),"",ROUND(Lanes!BC27,2)) | BI27: =IF(ISBLANK(Lanes!AX27),"",ROUND(Lanes!BD27,2)) | BJ27: =IF(ISBLANK(Lanes!BE27),"",Lanes!BE27) | BK27: =IF(ISBLANK(Lanes!BF27),"",Lanes!BF27) | BL27: =IF(ISBLANK(Lanes!BG27),"",Lanes!BG27) | BM27: =IF(ISBLANK(Lanes!BH27),"",Lanes!BH27) | BN27: =IF(ISBLANK(Lanes!BI27),"",Lanes!BI27) | BO27: =IF(ISBLANK(Lanes!BJ27),"",Lanes!BJ27) | BP27: =IF(ISBLANK(Lanes!BK27),"",Lanes!BK27) | BQ27: =IF(ISBLANK(Lanes!BL27),"",Lanes!BL27) | BR27: =IF(ISBLANK(Lanes!BM27),"",ROUND(Lanes!BM27,0)) | BS27: =IF(ISBLANK(Lanes!BN27),"",ROUND(Lanes!BN27,0)) | BT27: =IF(ISBLANK(Lanes!BO27),"",ROUND(Lanes!BO27,0)) | BU27: =IF(ISBLANK(Lanes!BN27),"",ROUND(Lanes!BP27,0)) | BV27: =IF(ISBLANK(Lanes!BQ27),"",ROUND(Lanes!BQ27,1)) | BW27: =IF(ISBLANK(Lanes!BR27),"",Lanes!BR27) | BX27: =IF(ISBLANK(Lanes!BS27),"",Lanes!BS27) | BY27: =IF(ISBLANK(Lanes!BT27),"",Lanes!BT27) | BZ27: =IF(ISBLANK(Lanes!BU27),"",Lanes!BU27) | CA27: =IF(ISBLANK(Lanes!BV27),"",ROUND(Lanes!BV27,1)) | CB27: =IF(ISBLANK(Lanes!BW27),"",ROUND(Lanes!BW27,2)) | CC27: =IF(ISBLANK(Lanes!BX27),"",ROUND(Lanes!BX27,1)) | CD27: =IF(ISBLANK(Lanes!BY27),"",ROUND(Lanes!BY27,2)) | CE27: =IF(ISBLANK(Lanes!BZ27),"",ROUND(Lanes!BZ27,0)) | CF27: =IF(ISBLANK(Lanes!CA27),"",ROUND(Lanes!CA27,0)) | CG27: =IF(ISBLANK(Lanes!CB27),"",ROUND(Lanes!CB27,0)) | CH27: =IF(ISBLANK(Lanes!CC27),"",ROUND(Lanes!CC27,2)) | CI27: =IF(ISBLANK(Lanes!CD27),"",ROUND(Lanes!CD27,2)) | CJ27: =IF(ISBLANK(Lanes!CE27),"",ROUND(Lanes!CE27,2)) | CK27: =IF(ISBLANK(Lanes!CF27),"",ROUND(Lanes!CF27,0)) | CL27: =IF(ISBLANK(Lanes!CG27),"",ROUND(Lanes!CG27,0)) | CM27: =IF(ISBLANK(Lanes!CH27),"",ROUND(Lanes!CH27,0)) | CN27: =IF(ISBLANK(Lanes!CI27),"",ROUND(Lanes!CI27,2)) | CO27: =IF(ISBLANK(Lanes!CJ27),"",ROUND(Lanes!CJ27,2)) | CP27: =IF(ISBLANK(Lanes!CK27),"",ROUND(Lanes!CK27,2)) | CQ27: =IF(ISBLANK(Lanes!CL27),"","delete")
A28: 1432 | B28: 1125 | C28: 1 | D28: 127 | E28: 127 | F28: Existing | G28: Port to Port | H28: 20' RF | I28: Xingang | J28: Tianjin | L28: China | M28: APAC | N28: Far East | O28: Manila | P28: Manila | R28: Philippines | S28: APAC | T28: Far East | U28: Confectionary | V28: FOB | W28: Collect | X28: Receiving Unit | AA28: Yes | AB28: 8 | AC28: 1 | AD28: No | AE28: 0.25 | AF28: 0.25 | AG28: 0.25 | AH28: 0.25 | AI28: No | AJ28: 10 | AK28: 7 | AL28: 17 | AM28: Food grade container | AN28: 10 | AO28: 7 | AP28: 17 | AR28: 0.1 | AS28: USD | AT28: =IF(ISBLANK(Lanes!AO28),"",ROUND(Lanes!AO28,2)) | AU28: =IF(ISBLANK(Lanes!AP28),"",ROUND(Lanes!AP28,2)) | AV28: =IF(ISBLANK(Lanes!AQ28),"",ROUND(Lanes!AQ28,2)) | AW28: =IF(ISBLANK(Lanes!AP28),"",ROUND(Lanes!AR28,2)) | AX28: =IF(ISBLANK(Lanes!AS28),"",ROUND(Lanes!AS28,2)) | AY28: =IF(ISBLANK(Lanes!AT28),"",ROUND(Lanes!AT28,2)) | AZ28: =IF(ISBLANK(Lanes!AP28),"",ROUND(Lanes!AU28,2)) | BA28: =IF(ISBLANK(Lanes!AP28),"",ROUND(Lanes!AV28,2)) | BB28: =IF(ISBLANK(Lanes!AW28),"",ROUND(Lanes!AW28,2)) | BC28: =IF(ISBLANK(Lanes!AX28),"",ROUND(Lanes!AX28,2)) | BD28: =IF(ISBLANK(Lanes!AY28),"",ROUND(Lanes!AY28,2)) | BE28: =IF(ISBLANK(Lanes!AX28),"",ROUND(Lanes!AZ28,2)) | BF28: =IF(ISBLANK(Lanes!BA28),"",ROUND(Lanes!BA28,2)) | BG28: =IF(ISBLANK(Lanes!BB28),"",ROUND(Lanes!BB28,2)) | BH28: =IF(ISBLANK(Lanes!AX28),"",ROUND(Lanes!BC28,2)) | BI28: =IF(ISBLANK(Lanes!AX28),"",ROUND(Lanes!BD28,2)) | BJ28: =IF(ISBLANK(Lanes!BE28),"",Lanes!BE28) | BK28: =IF(ISBLANK(Lanes!BF28),"",Lanes!BF28) | BL28: =IF(ISBLANK(Lanes!BG28),"",Lanes!BG28) | BM28: =IF(ISBLANK(Lanes!BH28),"",Lanes!BH28) | BN28: =IF(ISBLANK(Lanes!BI28),"",Lanes!BI28) | BO28: =IF(ISBLANK(Lanes!BJ28),"",Lanes!BJ28) | BP28: =IF(ISBLANK(Lanes!BK28),"",Lanes!BK28) | BQ28: =IF(ISBLANK(Lanes!BL28),"",Lanes!BL28) | BR28: =IF(ISBLANK(Lanes!BM28),"",ROUND(Lanes!BM28,0)) | BS28: =IF(ISBLANK(Lanes!BN28),"",ROUND(Lanes!BN28,0)) | BT28: =IF(ISBLANK(Lanes!BO28),"",ROUND(Lanes!BO28,0)) | BU28: =IF(ISBLANK(Lanes!BN28),"",ROUND(Lanes!BP28,0)) | BV28: =IF(ISBLANK(Lanes!BQ28),"",ROUND(Lanes!BQ28,1)) | BW28: =IF(ISBLANK(Lanes!BR28),"",Lanes!BR28) | BX28: =IF(ISBLANK(Lanes!BS28),"",Lanes!BS28) | BY28: =IF(ISBLANK(Lanes!BT28),"",Lanes!BT28) | BZ28: =IF(ISBLANK(Lanes!BU28),"",Lanes!BU28) | CA28: =IF(ISBLANK(Lanes!BV28),"",ROUND(Lanes!BV28,1)) | CB28: =IF(ISBLANK(Lanes!BW28),"",ROUND(Lanes!BW28,2)) | CC28: =IF(ISBLANK(Lanes!BX28),"",ROUND(Lanes!BX28,1)) | CD28: =IF(ISBLANK(Lanes!BY28),"",ROUND(Lanes!BY28,2)) | CE28: =IF(ISBLANK(Lanes!BZ28),"",ROUND(Lanes!BZ28,0)) | CF28: =IF(ISBLANK(Lanes!CA28),"",ROUND(Lanes!CA28,0)) | CG28: =IF(ISBLANK(Lanes!CB28),"",ROUND(Lanes!CB28,0)) | CH28: =IF(ISBLANK(Lanes!CC28),"",ROUND(Lanes!CC28,2)) | CI28: =IF(ISBLANK(Lanes!CD28),"",ROUND(Lanes!CD28,2)) | CJ28: =IF(ISBLANK(Lanes!CE28),"",ROUND(Lanes!CE28,2)) | CK28: =IF(ISBLANK(Lanes!CF28),"",ROUND(Lanes!CF28,0)) | CL28: =IF(ISBLANK(Lanes!CG28),"",ROUND(Lanes!CG28,0)) | CM28: =IF(ISBLANK(Lanes!CH28),"",ROUND(Lanes!CH28,0)) | CN28: =IF(ISBLANK(Lanes!CI28),"",ROUND(Lanes!CI28,2)) | CO28: =IF(ISBLANK(Lanes!CJ28),"",ROUND(Lanes!CJ28,2)) | CP28: =IF(ISBLANK(Lanes!CK28),"",ROUND(Lanes!CK28,2)) | CQ28: =IF(ISBLANK(Lanes!CL28),"","delete")
A29: 1433 | B29: 1126 | C29: 1 | D29: 128 | E29: 128 | F29: Existing | G29: Port to Port | H29: 20' RF | I29: Xingang | J29: Tianjin | L29: China | M29: APAC | N29: Far East | O29: Port Klang | P29: Port Klang | R29: Malaysia | S29: APAC | T29: Far East | U29: Confectionary | V29: FOB | W29: Collect | X29: Receiving Unit | AA29: Yes | AB29: 5 | AC29: 1 | AD29: No | AE29: 0.25 | AF29: 0.25 | AG29: 0.25 | AH29: 0.25 | AI29: No | AJ29: 10 | AK29: 7 | AL29: 17 | AM29: Food grade container | AN29: 10 | AO29: 7 | AP29: 17 | AR29: 0.1 | AS29: USD | AT29: =IF(ISBLANK(Lanes!AO29),"",ROUND(Lanes!AO29,2)) | AU29: =IF(ISBLANK(Lanes!AP29),"",ROUND(Lanes!AP29,2)) | AV29: =IF(ISBLANK(Lanes!AQ29),"",ROUND(Lanes!AQ29,2)) | AW29: =IF(ISBLANK(Lanes!AP29),"",ROUND(Lanes!AR29,2)) | AX29: =IF(ISBLANK(Lanes!AS29),"",ROUND(Lanes!AS29,2)) | AY29: =IF(ISBLANK(Lanes!AT29),"",ROUND(Lanes!AT29,2)) | AZ29: =IF(ISBLANK(Lanes!AP29),"",ROUND(Lanes!AU29,2)) | BA29: =IF(ISBLANK(Lanes!AP29),"",ROUND(Lanes!AV29,2)) | BB29: =IF(ISBLANK(Lanes!AW29),"",ROUND(Lanes!AW29,2)) | BC29: =IF(ISBLANK(Lanes!AX29),"",ROUND(Lanes!AX29,2)) | BD29: =IF(ISBLANK(Lanes!AY29),"",ROUND(Lanes!AY29,2)) | BE29: =IF(ISBLANK(Lanes!AX29),"",ROUND(Lanes!AZ29,2)) | BF29: =IF(ISBLANK(Lanes!BA29),"",ROUND(Lanes!BA29,2)) | BG29: =IF(ISBLANK(Lanes!BB29),"",ROUND(Lanes!BB29,2)) | BH29: =IF(ISBLANK(Lanes!AX29),"",ROUND(Lanes!BC29,2)) | BI29: =IF(ISBLANK(Lanes!AX29),"",ROUND(Lanes!BD29,2)) | BJ29: =IF(ISBLANK(Lanes!BE29),"",Lanes!BE29) | BK29: =IF(ISBLANK(Lanes!BF29),"",Lanes!BF29) | BL29: =IF(ISBLANK(Lanes!BG29),"",Lanes!BG29) | BM29: =IF(ISBLANK(Lanes!BH29),"",Lanes!BH29) | BN29: =IF(ISBLANK(Lanes!BI29),"",Lanes!BI29) | BO29: =IF(ISBLANK(Lanes!BJ29),"",Lanes!BJ29) | BP29: =IF(ISBLANK(Lanes!BK29),"",Lanes!BK29) | BQ29: =IF(ISBLANK(Lanes!BL29),"",Lanes!BL29) | BR29: =IF(ISBLANK(Lanes!BM29),"",ROUND(Lanes!BM29,0)) | BS29: =IF(ISBLANK(Lanes!BN29),"",ROUND(Lanes!BN29,0)) | BT29: =IF(ISBLANK(Lanes!BO29),"",ROUND(Lanes!BO29,0)) | BU29: =IF(ISBLANK(Lanes!BN29),"",ROUND(Lanes!BP29,0)) | BV29: =IF(ISBLANK(Lanes!BQ29),"",ROUND(Lanes!BQ29,1)) | BW29: =IF(ISBLANK(Lanes!BR29),"",Lanes!BR29) | BX29: =IF(ISBLANK(Lanes!BS29),"",Lanes!BS29) | BY29: =IF(ISBLANK(Lanes!BT29),"",Lanes!BT29) | BZ29: =IF(ISBLANK(Lanes!BU29),"",Lanes!BU29) | CA29: =IF(ISBLANK(Lanes!BV29),"",ROUND(Lanes!BV29,1)) | CB29: =IF(ISBLANK(Lanes!BW29),"",ROUND(Lanes!BW29,2)) | CC29: =IF(ISBLANK(Lanes!BX29),"",ROUND(Lanes!BX29,1)) | CD29: =IF(ISBLANK(Lanes!BY29),"",ROUND(Lanes!BY29,2)) | CE29: =IF(ISBLANK(Lanes!BZ29),"",ROUND(Lanes!BZ29,0)) | CF29: =IF(ISBLANK(Lanes!CA29),"",ROUND(Lanes!CA29,0)) | CG29: =IF(ISBLANK(Lanes!CB29),"",ROUND(Lanes!CB29,0)) | CH29: =IF(ISBLANK(Lanes!CC29),"",ROUND(Lanes!CC29,2)) | CI29: =IF(ISBLANK(Lanes!CD29),"",ROUND(Lanes!CD29,2)) | CJ29: =IF(ISBLANK(Lanes!CE29),"",ROUND(Lanes!CE29,2)) | CK29: =IF(ISBLANK(Lanes!CF29),"",ROUND(Lanes!CF29,0)) | CL29: =IF(ISBLANK(Lanes!CG29),"",ROUND(Lanes!CG29,0)) | CM29: =IF(ISBLANK(Lanes!CH29),"",ROUND(Lanes!CH29,0)) | CN29: =IF(ISBLANK(Lanes!CI29),"",ROUND(Lanes!CI29,2)) | CO29: =IF(ISBLANK(Lanes!CJ29),"",ROUND(Lanes!CJ29,2)) | CP29: =IF(ISBLANK(Lanes!CK29),"",ROUND(Lanes!CK29,2)) | CQ29: =IF(ISBLANK(Lanes!CL29),"","delete")
A30: 1434 | B30: 1127 | C30: 1 | D30: 129 | E30: 129 | F30: Existing | G30: Port to Port | H30: 20' RF | I30: Xingang | J30: Tianjin | L30: China | M30: APAC | N30: Far East | O30: Singapore | P30: Singapore | R30: Singapore | S30: APAC | T30: Far East | U30: Confectionary | V30: CFR | W30: Prepaid | X30: Sending Unit | AA30: Yes | AB30: 35 | AC30: 1 | AD30: No | AE30: 0.25 | AF30: 0.25 | AG30: 0.25 | AH30: 0.25 | AI30: No | AJ30: 10 | AK30: 7 | AL30: 17 | AM30: Food grade container | AN30: 10 | AO30: 7 | AP30: 17 | AR30: 0.1 | AS30: USD | AT30: =IF(ISBLANK(Lanes!AO30),"",ROUND(Lanes!AO30,2)) | AU30: =IF(ISBLANK(Lanes!AP30),"",ROUND(Lanes!AP30,2)) | AV30: =IF(ISBLANK(Lanes!AQ30),"",ROUND(Lanes!AQ30,2)) | AW30: =IF(ISBLANK(Lanes!AP30),"",ROUND(Lanes!AR30,2)) | AX30: =IF(ISBLANK(Lanes!AS30),"",ROUND(Lanes!AS30,2)) | AY30: =IF(ISBLANK(Lanes!AT30),"",ROUND(Lanes!AT30,2)) | AZ30: =IF(ISBLANK(Lanes!AP30),"",ROUND(Lanes!AU30,2)) | BA30: =IF(ISBLANK(Lanes!AP30),"",ROUND(Lanes!AV30,2)) | BB30: =IF(ISBLANK(Lanes!AW30),"",ROUND(Lanes!AW30,2)) | BC30: =IF(ISBLANK(Lanes!AX30),"",ROUND(Lanes!AX30,2)) | BD30: =IF(ISBLANK(Lanes!AY30),"",ROUND(Lanes!AY30,2)) | BE30: =IF(ISBLANK(Lanes!AX30),"",ROUND(Lanes!AZ30,2)) | BF30: =IF(ISBLANK(Lanes!BA30),"",ROUND(Lanes!BA30,2)) | BG30: =IF(ISBLANK(Lanes!BB30),"",ROUND(Lanes!BB30,2)) | BH30: =IF(ISBLANK(Lanes!AX30),"",ROUND(Lanes!BC30,2)) | BI30: =IF(ISBLANK(Lanes!AX30),"",ROUND(Lanes!BD30,2)) | BJ30: =IF(ISBLANK(Lanes!BE30),"",Lanes!BE30) | BK30: =IF(ISBLANK(Lanes!BF30),"",Lanes!BF30) | BL30: =IF(ISBLANK(Lanes!BG30),"",Lanes!BG30) | BM30: =IF(ISBLANK(Lanes!BH30),"",Lanes!BH30) | BN30: =IF(ISBLANK(Lanes!BI30),"",Lanes!BI30) | BO30: =IF(ISBLANK(Lanes!BJ30),"",Lanes!BJ30) | BP30: =IF(ISBLANK(Lanes!BK30),"",Lanes!BK30) | BQ30: =IF(ISBLANK(Lanes!BL30),"",Lanes!BL30) | BR30: =IF(ISBLANK(Lanes!BM30),"",ROUND(Lanes!BM30,0)) | BS30: =IF(ISBLANK(Lanes!BN30),"",ROUND(Lanes!BN30,0)) | BT30: =IF(ISBLANK(Lanes!BO30),"",ROUND(Lanes!BO30,0)) | BU30: =IF(ISBLANK(Lanes!BN30),"",ROUND(Lanes!BP30,0)) | BV30: =IF(ISBLANK(Lanes!BQ30),"",ROUND(Lanes!BQ30,1)) | BW30: =IF(ISBLANK(Lanes!BR30),"",Lanes!BR30) | BX30: =IF(ISBLANK(Lanes!BS30),"",Lanes!BS30) | BY30: =IF(ISBLANK(Lanes!BT30),"",Lanes!BT30) | BZ30: =IF(ISBLANK(Lanes!BU30),"",Lanes!BU30) | CA30: =IF(ISBLANK(Lanes!BV30),"",ROUND(Lanes!BV30,1)) | CB30: =IF(ISBLANK(Lanes!BW30),"",ROUND(Lanes!BW30,2)) | CC30: =IF(ISBLANK(Lanes!BX30),"",ROUND(Lanes!BX30,1)) | CD30: =IF(ISBLANK(Lanes!BY30),"",ROUND(Lanes!BY30,2)) | CE30: =IF(ISBLANK(Lanes!BZ30),"",ROUND(Lanes!BZ30,0)) | CF30: =IF(ISBLANK(Lanes!CA30),"",ROUND(Lanes!CA30,0)) | CG30: =IF(ISBLANK(Lanes!CB30),"",ROUND(Lanes!CB30,0)) | CH30: =IF(ISBLANK(Lanes!CC30),"",ROUND(Lanes!CC30,2)) | CI30: =IF(ISBLANK(Lanes!CD30),"",ROUND(Lanes!CD30,2)) | CJ30: =IF(ISBLANK(Lanes!CE30),"",ROUND(Lanes!CE30,2)) | CK30: =IF(ISBLANK(Lanes!CF30),"",ROUND(Lanes!CF30,0)) | CL30: =IF(ISBLANK(Lanes!CG30),"",ROUND(Lanes!CG30,0)) | CM30: =IF(ISBLANK(Lanes!CH30),"",ROUND(Lanes!CH30,0)) | CN30: =IF(ISBLANK(Lanes!CI30),"",ROUND(Lanes!CI30,2)) | CO30: =IF(ISBLANK(Lanes!CJ30),"",ROUND(Lanes!CJ30,2)) | CP30: =IF(ISBLANK(Lanes!CK30),"",ROUND(Lanes!CK30,2)) | CQ30: =IF(ISBLANK(Lanes!CL30),"","delete")
A31: 1435 | B31: 1130 | C31: 1 | D31: 130 | E31: 130 | F31: Existing | G31: Ramp to Port | H31: 40' DV/HC | I31: Bangkok | J31: Lat Krabang (via LCB) | L31: Thailand | M31: APAC | N31: Far East | O31: Colombo | P31: Colombo | R31: Sri Lanka | S31: APAC | T31: South Asia | U31: Petfood | V31: CFR | W31: Prepaid | X31: Sending Unit | AA31: Yes | AB31: 27.343591269841276 | AC31: 1 | AD31: No | AE31: 0.25 | AF31: 0.25 | AG31: 0.25 | AH31: 0.25 | AI31: No | AJ31: 10 | AK31: 5 | AL31: 0 | AN31: 0 | AO31: 0 | AP31: 10 | AR31: 0.43 | AS31: USD | AT31: =IF(ISBLANK(Lanes!AO31),"",ROUND(Lanes!AO31,2)) | AU31: =IF(ISBLANK(Lanes!AP31),"",ROUND(Lanes!AP31,2)) | AV31: =IF(ISBLANK(Lanes!AQ31),"",ROUND(Lanes!AQ31,2)) | AW31: =IF(ISBLANK(Lanes!AP31),"",ROUND(Lanes!AR31,2)) | AX31: =IF(ISBLANK(Lanes!AS31),"",ROUND(Lanes!AS31,2)) | AY31: =IF(ISBLANK(Lanes!AT31),"",ROUND(Lanes!AT31,2)) | AZ31: =IF(ISBLANK(Lanes!AP31),"",ROUND(Lanes!AU31,2)) | BA31: =IF(ISBLANK(Lanes!AP31),"",ROUND(Lanes!AV31,2)) | BB31: =IF(ISBLANK(Lanes!AW31),"",ROUND(Lanes!AW31,2)) | BC31: =IF(ISBLANK(Lanes!AX31),"",ROUND(Lanes!AX31,2)) | BD31: =IF(ISBLANK(Lanes!AY31),"",ROUND(Lanes!AY31,2)) | BE31: =IF(ISBLANK(Lanes!AX31),"",ROUND(Lanes!AZ31,2)) | BF31: =IF(ISBLANK(Lanes!BA31),"",ROUND(Lanes!BA31,2)) | BG31: =IF(ISBLANK(Lanes!BB31),"",ROUND(Lanes!BB31,2)) | BH31: =IF(ISBLANK(Lanes!AX31),"",ROUND(Lanes!BC31,2)) | BI31: =IF(ISBLANK(Lanes!AX31),"",ROUND(Lanes!BD31,2)) | BJ31: =IF(ISBLANK(Lanes!BE31),"",Lanes!BE31) | BK31: =IF(ISBLANK(Lanes!BF31),"",Lanes!BF31) | BL31: =IF(ISBLANK(Lanes!BG31),"",Lanes!BG31) | BM31: =IF(ISBLANK(Lanes!BH31),"",Lanes!BH31) | BN31: =IF(ISBLANK(Lanes!BI31),"",Lanes!BI31) | BO31: =IF(ISBLANK(Lanes!BJ31),"",Lanes!BJ31) | BP31: =IF(ISBLANK(Lanes!BK31),"",Lanes!BK31) | BQ31: =IF(ISBLANK(Lanes!BL31),"",Lanes!BL31) | BR31: =IF(ISBLANK(Lanes!BM31),"",ROUND(Lanes!BM31,0)) | BS31: =IF(ISBLANK(Lanes!BN31),"",ROUND(Lanes!BN31,0)) | BT31: =IF(ISBLANK(Lanes!BO31),"",ROUND(Lanes!BO31,0)) | BU31: =IF(ISBLANK(Lanes!BN31),"",ROUND(Lanes!BP31,0)) | BV31: =IF(ISBLANK(Lanes!BQ31),"",ROUND(Lanes!BQ31,1)) | BW31: =IF(ISBLANK(Lanes!BR31),"",Lanes!BR31) | BX31: =IF(ISBLANK(Lanes!BS31),"",Lanes!BS31) | BY31: =IF(ISBLANK(Lanes!BT31),"",Lanes!BT31) | BZ31: =IF(ISBLANK(Lanes!BU31),"",Lanes!BU31) | CA31: =IF(ISBLANK(Lanes!BV31),"",ROUND(Lanes!BV31,1)) | CB31: =IF(ISBLANK(Lanes!BW31),"",ROUND(Lanes!BW31,2)) | CC31: =IF(ISBLANK(Lanes!BX31),"",ROUND(Lanes!BX31,1)) | CD31: =IF(ISBLANK(Lanes!BY31),"",ROUND(Lanes!BY31,2)) | CE31: =IF(ISBLANK(Lanes!BZ31),"",ROUND(Lanes!BZ31,0)) | CF31: =IF(ISBLANK(Lanes!CA31),"",ROUND(Lanes!CA31,0)) | CG31: =IF(ISBLANK(Lanes!CB31),"",ROUND(Lanes!CB31,0)) | CH31: =IF(ISBLANK(Lanes!CC31),"",ROUND(Lanes!CC31,2)) | CI31: =IF(ISBLANK(Lanes!CD31),"",ROUND(Lanes!CD31,2)) | CJ31: =IF(ISBLANK(Lanes!CE31),"",ROUND(Lanes!CE31,2)) | CK31: =IF(ISBLANK(Lanes!CF31),"",ROUND(Lanes!CF31,0)) | CL31: =IF(ISBLANK(Lanes!CG31),"",ROUND(Lanes!CG31,0)) | CM31: =IF(ISBLANK(Lanes!CH31),"",ROUND(Lanes!CH31,0)) | CN31: =IF(ISBLANK(Lanes!CI31),"",ROUND(Lanes!CI31,2)) | CO31: =IF(ISBLANK(Lanes!CJ31),"",ROUND(Lanes!CJ31,2)) | CP31: =IF(ISBLANK(Lanes!CK31),"",ROUND(Lanes!CK31,2)) | CQ31: =IF(ISBLANK(Lanes!CL31),"","delete")
A32: 1436 | B32: 1131 | C32: 1 | D32: 131 | E32: 131 | F32: Existing | G32: Ramp to Port | H32: 40' DV/HC | I32: Bangkok | J32: Lat Krabang (via LCB) | L32: Thailand | M32: APAC | N32: Far East | O32: Singapore | P32: Singapore | R32: Singapore | S32: APAC | T32: Far East | U32: Petfood | V32: CFR | W32: Prepaid | X32: Sending Unit | AA32: Yes | AB32: 50 | AC32: 1 | AD32: No | AE32: 0.25 | AF32: 0.25 | AG32: 0.25 | AH32: 0.25 | AI32: No | AJ32: 10 | AK32: 5 | AL32: 0 | AN32: 10 | AO32: 10 | AP32: 0 | AR32: 0.1 | AS32: USD | AT32: =IF(ISBLANK(Lanes!AO32),"",ROUND(Lanes!AO32,2)) | AU32: =IF(ISBLANK(Lanes!AP32),"",ROUND(Lanes!AP32,2)) | AV32: =IF(ISBLANK(Lanes!AQ32),"",ROUND(Lanes!AQ32,2)) | AW32: =IF(ISBLANK(Lanes!AP32),"",ROUND(Lanes!AR32,2)) | AX32: =IF(ISBLANK(Lanes!AS32),"",ROUND(Lanes!AS32,2)) | AY32: =IF(ISBLANK(Lanes!AT32),"",ROUND(Lanes!AT32,2)) | AZ32: =IF(ISBLANK(Lanes!AP32),"",ROUND(Lanes!AU32,2)) | BA32: =IF(ISBLANK(Lanes!AP32),"",ROUND(Lanes!AV32,2)) | BB32: =IF(ISBLANK(Lanes!AW32),"",ROUND(Lanes!AW32,2)) | BC32: =IF(ISBLANK(Lanes!AX32),"",ROUND(Lanes!AX32,2)) | BD32: =IF(ISBLANK(Lanes!AY32),"",ROUND(Lanes!AY32,2)) | BE32: =IF(ISBLANK(Lanes!AX32),"",ROUND(Lanes!AZ32,2)) | BF32: =IF(ISBLANK(Lanes!BA32),"",ROUND(Lanes!BA32,2)) | BG32: =IF(ISBLANK(Lanes!BB32),"",ROUND(Lanes!BB32,2)) | BH32: =IF(ISBLANK(Lanes!AX32),"",ROUND(Lanes!BC32,2)) | BI32: =IF(ISBLANK(Lanes!AX32),"",ROUND(Lanes!BD32,2)) | BJ32: =IF(ISBLANK(Lanes!BE32),"",Lanes!BE32) | BK32: =IF(ISBLANK(Lanes!BF32),"",Lanes!BF32) | BL32: =IF(ISBLANK(Lanes!BG32),"",Lanes!BG32) | BM32: =IF(ISBLANK(Lanes!BH32),"",Lanes!BH32) | BN32: =IF(ISBLANK(Lanes!BI32),"",Lanes!BI32) | BO32: =IF(ISBLANK(Lanes!BJ32),"",Lanes!BJ32) | BP32: =IF(ISBLANK(Lanes!BK32),"",Lanes!BK32) | BQ32: =IF(ISBLANK(Lanes!BL32),"",Lanes!BL32) | BR32: =IF(ISBLANK(Lanes!BM32),"",ROUND(Lanes!BM32,0)) | BS32: =IF(ISBLANK(Lanes!BN32),"",ROUND(Lanes!BN32,0)) | BT32: =IF(ISBLANK(Lanes!BO32),"",ROUND(Lanes!BO32,0)) | BU32: =IF(ISBLANK(Lanes!BN32),"",ROUND(Lanes!BP32,0)) | BV32: =IF(ISBLANK(Lanes!BQ32),"",ROUND(Lanes!BQ32,1)) | BW32: =IF(ISBLANK(Lanes!BR32),"",Lanes!BR32) | BX32: =IF(ISBLANK(Lanes!BS32),"",Lanes!BS32) | BY32: =IF(ISBLANK(Lanes!BT32),"",Lanes!BT32) | BZ32: =IF(ISBLANK(Lanes!BU32),"",Lanes!BU32) | CA32: =IF(ISBLANK(Lanes!BV32),"",ROUND(Lanes!BV32,1)) | CB32: =IF(ISBLANK(Lanes!BW32),"",ROUND(Lanes!BW32,2)) | CC32: =IF(ISBLANK(Lanes!BX32),"",ROUND(Lanes!BX32,1)) | CD32: =IF(ISBLANK(Lanes!BY32),"",ROUND(Lanes!BY32,2)) | CE32: =IF(ISBLANK(Lanes!BZ32),"",ROUND(Lanes!BZ32,0)) | CF32: =IF(ISBLANK(Lanes!CA32),"",ROUND(Lanes!CA32,0)) | CG32: =IF(ISBLANK(Lanes!CB32),"",ROUND(Lanes!CB32,0)) | CH32: =IF(ISBLANK(Lanes!CC32),"",ROUND(Lanes!CC32,2)) | CI32: =IF(ISBLANK(Lanes!CD32),"",ROUND(Lanes!CD32,2)) | CJ32: =IF(ISBLANK(Lanes!CE32),"",ROUND(Lanes!CE32,2)) | CK32: =IF(ISBLANK(Lanes!CF32),"",ROUND(Lanes!CF32,0)) | CL32: =IF(ISBLANK(Lanes!CG32),"",ROUND(Lanes!CG32,0)) | CM32: =IF(ISBLANK(Lanes!CH32),"",ROUND(Lanes!CH32,0)) | CN32: =IF(ISBLANK(Lanes!CI32),"",ROUND(Lanes!CI32,2)) | CO32: =IF(ISBLANK(Lanes!CJ32),"",ROUND(Lanes!CJ32,2)) | CP32: =IF(ISBLANK(Lanes!CK32),"",ROUND(Lanes!CK32,2)) | CQ32: =IF(ISBLANK(Lanes!CL32),"","delete")
A33: 1437 | B33: 1132 | C33: 1 | D33: 132 | E33: 132 | F33: Existing | G33: Ramp to Port | H33: 40' DV/HC | I33: Bangkok | J33: Lat Krabang (via LCB) | L33: Thailand | M33: APAC | N33: Far East | O33: Ho Chi Minh | P33: Ho Chi Minh | R33: Vietnam | S33: APAC | T33: Far East | U33: Petfood | V33: CFR | W33: Prepaid | X33: Sending Unit | AA33: Yes | AB33: 224 | AC33: 5 | AD33: No | AE33: 0.25 | AF33: 0.25 | AG33: 0.25 | AH33: 0.25 | AI33: No | AJ33: 10 | AK33: 5 | AL33: 0 | AN33: 20 | AO33: 5 | AP33: 0 | AR33: 0.1 | AS33: USD | AT33: =IF(ISBLANK(Lanes!AO33),"",ROUND(Lanes!AO33,2)) | AU33: =IF(ISBLANK(Lanes!AP33),"",ROUND(Lanes!AP33,2)) | AV33: =IF(ISBLANK(Lanes!AQ33),"",ROUND(Lanes!AQ33,2)) | AW33: =IF(ISBLANK(Lanes!AP33),"",ROUND(Lanes!AR33,2)) | AX33: =IF(ISBLANK(Lanes!AS33),"",ROUND(Lanes!AS33,2)) | AY33: =IF(ISBLANK(Lanes!AT33),"",ROUND(Lanes!AT33,2)) | AZ33: =IF(ISBLANK(Lanes!AP33),"",ROUND(Lanes!AU33,2)) | BA33: =IF(ISBLANK(Lanes!AP33),"",ROUND(Lanes!AV33,2)) | BB33: =IF(ISBLANK(Lanes!AW33),"",ROUND(Lanes!AW33,2)) | BC33: =IF(ISBLANK(Lanes!AX33),"",ROUND(Lanes!AX33,2)) | BD33: =IF(ISBLANK(Lanes!AY33),"",ROUND(Lanes!AY33,2)) | BE33: =IF(ISBLANK(Lanes!AX33),"",ROUND(Lanes!AZ33,2)) | BF33: =IF(ISBLANK(Lanes!BA33),"",ROUND(Lanes!BA33,2)) | BG33: =IF(ISBLANK(Lanes!BB33),"",ROUND(Lanes!BB33,2)) | BH33: =IF(ISBLANK(Lanes!AX33),"",ROUND(Lanes!BC33,2)) | BI33: =IF(ISBLANK(Lanes!AX33),"",ROUND(Lanes!BD33,2)) | BJ33: =IF(ISBLANK(Lanes!BE33),"",Lanes!BE33) | BK33: =IF(ISBLANK(Lanes!BF33),"",Lanes!BF33) | BL33: =IF(ISBLANK(Lanes!BG33),"",Lanes!BG33) | BM33: =IF(ISBLANK(Lanes!BH33),"",Lanes!BH33) | BN33: =IF(ISBLANK(Lanes!BI33),"",Lanes!BI33) | BO33: =IF(ISBLANK(Lanes!BJ33),"",Lanes!BJ33) | BP33: =IF(ISBLANK(Lanes!BK33),"",Lanes!BK33) | BQ33: =IF(ISBLANK(Lanes!BL33),"",Lanes!BL33) | BR33: =IF(ISBLANK(Lanes!BM33),"",ROUND(Lanes!BM33,0)) | BS33: =IF(ISBLANK(Lanes!BN33),"",ROUND(Lanes!BN33,0)) | BT33: =IF(ISBLANK(Lanes!BO33),"",ROUND(Lanes!BO33,0)) | BU33: =IF(ISBLANK(Lanes!BN33),"",ROUND(Lanes!BP33,0)) | BV33: =IF(ISBLANK(Lanes!BQ33),"",ROUND(Lanes!BQ33,1)) | BW33: =IF(ISBLANK(Lanes!BR33),"",Lanes!BR33) | BX33: =IF(ISBLANK(Lanes!BS33),"",Lanes!BS33) | BY33: =IF(ISBLANK(Lanes!BT33),"",Lanes!BT33) | BZ33: =IF(ISBLANK(Lanes!BU33),"",Lanes!BU33) | CA33: =IF(ISBLANK(Lanes!BV33),"",ROUND(Lanes!BV33,1)) | CB33: =IF(ISBLANK(Lanes!BW33),"",ROUND(Lanes!BW33,2)) | CC33: =IF(ISBLANK(Lanes!BX33),"",ROUND(Lanes!BX33,1)) | CD33: =IF(ISBLANK(Lanes!BY33),"",ROUND(Lanes!BY33,2)) | CE33: =IF(ISBLANK(Lanes!BZ33),"",ROUND(Lanes!BZ33,0)) | CF33: =IF(ISBLANK(Lanes!CA33),"",ROUND(Lanes!CA33,0)) | CG33: =IF(ISBLANK(Lanes!CB33),"",ROUND(Lanes!CB33,0)) | CH33: =IF(ISBLANK(Lanes!CC33),"",ROUND(Lanes!CC33,2)) | CI33: =IF(ISBLANK(Lanes!CD33),"",ROUND(Lanes!CD33,2)) | CJ33: =IF(ISBLANK(Lanes!CE33),"",ROUND(Lanes!CE33,2)) | CK33: =IF(ISBLANK(Lanes!CF33),"",ROUND(Lanes!CF33,0)) | CL33: =IF(ISBLANK(Lanes!CG33),"",ROUND(Lanes!CG33,0)) | CM33: =IF(ISBLANK(Lanes!CH33),"",ROUND(Lanes!CH33,0)) | CN33: =IF(ISBLANK(Lanes!CI33),"",ROUND(Lanes!CI33,2)) | CO33: =IF(ISBLANK(Lanes!CJ33),"",ROUND(Lanes!CJ33,2)) | CP33: =IF(ISBLANK(Lanes!CK33),"",ROUND(Lanes!CK33,2)) | CQ33: =IF(ISBLANK(Lanes!CL33),"","delete")
A34: 1438 | B34: 1133 | C34: 1 | D34: 133 | E34: 133 | F34: Existing | G34: Ramp to Port | H34: 40' DV/HC | I34: Bangkok | J34: Lat Krabang (via LCB) | L34: Thailand | M34: APAC | N34: Far East | O34: Hong Kong | P34: Hong Kong | R34: Hong Kong | S34: APAC | T34: Far East | U34: Petfood | V34: CFR | W34: Prepaid | X34: Sending Unit | AA34: Yes | AB34: 56 | AC34: 2 | AD34: No | AE34: 0.25 | AF34: 0.25 | AG34: 0.25 | AH34: 0.25 | AI34: No | AJ34: 10 | AK34: 5 | AL34: 0 | AN34: 5 | AO34: 5 | AP34: 0 | AR34: 0.1 | AS34: USD | AT34: =IF(ISBLANK(Lanes!AO34),"",ROUND(Lanes!AO34,2)) | AU34: =IF(ISBLANK(Lanes!AP34),"",ROUND(Lanes!AP34,2)) | AV34: =IF(ISBLANK(Lanes!AQ34),"",ROUND(Lanes!AQ34,2)) | AW34: =IF(ISBLANK(Lanes!AP34),"",ROUND(Lanes!AR34,2)) | AX34: =IF(ISBLANK(Lanes!AS34),"",ROUND(Lanes!AS34,2)) | AY34: =IF(ISBLANK(Lanes!AT34),"",ROUND(Lanes!AT34,2)) | AZ34: =IF(ISBLANK(Lanes!AP34),"",ROUND(Lanes!AU34,2)) | BA34: =IF(ISBLANK(Lanes!AP34),"",ROUND(Lanes!AV34,2)) | BB34: =IF(ISBLANK(Lanes!AW34),"",ROUND(Lanes!AW34,2)) | BC34: =IF(ISBLANK(Lanes!AX34),"",ROUND(Lanes!AX34,2)) | BD34: =IF(ISBLANK(Lanes!AY34),"",ROUND(Lanes!AY34,2)) | BE34: =IF(ISBLANK(Lanes!AX34),"",ROUND(Lanes!AZ34,2)) | BF34: =IF(ISBLANK(Lanes!BA34),"",ROUND(Lanes!BA34,2)) | BG34: =IF(ISBLANK(Lanes!BB34),"",ROUND(Lanes!BB34,2)) | BH34: =IF(ISBLANK(Lanes!AX34),"",ROUND(Lanes!BC34,2)) | BI34: =IF(ISBLANK(Lanes!AX34),"",ROUND(Lanes!BD34,2)) | BJ34: =IF(ISBLANK(Lanes!BE34),"",Lanes!BE34) | BK34: =IF(ISBLANK(Lanes!BF34),"",Lanes!BF34) | BL34: =IF(ISBLANK(Lanes!BG34),"",Lanes!BG34) | BM34: =IF(ISBLANK(Lanes!BH34),"",Lanes!BH34) | BN34: =IF(ISBLANK(Lanes!BI34),"",Lanes!BI34) | BO34: =IF(ISBLANK(Lanes!BJ34),"",Lanes!BJ34) | BP34: =IF(ISBLANK(Lanes!BK34),"",Lanes!BK34) | BQ34: =IF(ISBLANK(Lanes!BL34),"",Lanes!BL34) | BR34: =IF(ISBLANK(Lanes!BM34),"",ROUND(Lanes!BM34,0)) | BS34: =IF(ISBLANK(Lanes!BN34),"",ROUND(Lanes!BN34,0)) | BT34: =IF(ISBLANK(Lanes!BO34),"",ROUND(Lanes!BO34,0)) | BU34: =IF(ISBLANK(Lanes!BN34),"",ROUND(Lanes!BP34,0)) | BV34: =IF(ISBLANK(Lanes!BQ34),"",ROUND(Lanes!BQ34,1)) | BW34: =IF(ISBLANK(Lanes!BR34),"",Lanes!BR34) | BX34: =IF(ISBLANK(Lanes!BS34),"",Lanes!BS34) | BY34: =IF(ISBLANK(Lanes!BT34),"",Lanes!BT34) | BZ34: =IF(ISBLANK(Lanes!BU34),"",Lanes!BU34) | CA34: =IF(ISBLANK(Lanes!BV34),"",ROUND(Lanes!BV34,1)) | CB34: =IF(ISBLANK(Lanes!BW34),"",ROUND(Lanes!BW34,2)) | CC34: =IF(ISBLANK(Lanes!BX34),"",ROUND(Lanes!BX34,1)) | CD34: =IF(ISBLANK(Lanes!BY34),"",ROUND(Lanes!BY34,2)) | CE34: =IF(ISBLANK(Lanes!BZ34),"",ROUND(Lanes!BZ34,0)) | CF34: =IF(ISBLANK(Lanes!CA34),"",ROUND(Lanes!CA34,0)) | CG34: =IF(ISBLANK(Lanes!CB34),"",ROUND(Lanes!CB34,0)) | CH34: =IF(ISBLANK(Lanes!CC34),"",ROUND(Lanes!CC34,2)) | CI34: =IF(ISBLANK(Lanes!CD34),"",ROUND(Lanes!CD34,2)) | CJ34: =IF(ISBLANK(Lanes!CE34),"",ROUND(Lanes!CE34,2)) | CK34: =IF(ISBLANK(Lanes!CF34),"",ROUND(Lanes!CF34,0)) | CL34: =IF(ISBLANK(Lanes!CG34),"",ROUND(Lanes!CG34,0)) | CM34: =IF(ISBLANK(Lanes!CH34),"",ROUND(Lanes!CH34,0)) | CN34: =IF(ISBLANK(Lanes!CI34),"",ROUND(Lanes!CI34,2)) | CO34: =IF(ISBLANK(Lanes!CJ34),"",ROUND(Lanes!CJ34,2)) | CP34: =IF(ISBLANK(Lanes!CK34),"",ROUND(Lanes!CK34,2)) | CQ34: =IF(ISBLANK(Lanes!CL34),"","delete")
A35: 1439 | B35: 1134 | C35: 1 | D35: 134 | E35: 134 | F35: Existing | G35: Ramp to Port | H35: 40' DV/HC | I35: Bangkok | J35: Lat Krabang (via LCB) | L35: Thailand | M35: APAC | N35: Far East | O35: Tomakomai | P35: Tomakomai | R35: Japan | S35: APAC | T35: Far East | U35: Petfood | V35: CFR | W35: Prepaid | X35: Sending Unit | AA35: Yes | AB35: 73 | AC35: 2 | AD35: No | AE35: 0.25 | AF35: 0.25 | AG35: 0.25 | AH35: 0.25 | AI35: No | AJ35: 10 | AK35: 5 | AL35: 0 | AN35: 7 | AO35: 7 | AP35: 0 | AR35: 0.1 | AS35: USD | AT35: =IF(ISBLANK(Lanes!AO35),"",ROUND(Lanes!AO35,2)) | AU35: =IF(ISBLANK(Lanes!AP35),"",ROUND(Lanes!AP35,2)) | AV35: =IF(ISBLANK(Lanes!AQ35),"",ROUND(Lanes!AQ35,2)) | AW35: =IF(ISBLANK(Lanes!AP35),"",ROUND(Lanes!AR35,2)) | AX35: =IF(ISBLANK(Lanes!AS35),"",ROUND(Lanes!AS35,2)) | AY35: =IF(ISBLANK(Lanes!AT35),"",ROUND(Lanes!AT35,2)) | AZ35: =IF(ISBLANK(Lanes!AP35),"",ROUND(Lanes!AU35,2)) | BA35: =IF(ISBLANK(Lanes!AP35),"",ROUND(Lanes!AV35,2)) | BB35: =IF(ISBLANK(Lanes!AW35),"",ROUND(Lanes!AW35,2)) | BC35: =IF(ISBLANK(Lanes!AX35),"",ROUND(Lanes!AX35,2)) | BD35: =IF(ISBLANK(Lanes!AY35),"",ROUND(Lanes!AY35,2)) | BE35: =IF(ISBLANK(Lanes!AX35),"",ROUND(Lanes!AZ35,2)) | BF35: =IF(ISBLANK(Lanes!BA35),"",ROUND(Lanes!BA35,2)) | BG35: =IF(ISBLANK(Lanes!BB35),"",ROUND(Lanes!BB35,2)) | BH35: =IF(ISBLANK(Lanes!AX35),"",ROUND(Lanes!BC35,2)) | BI35: =IF(ISBLANK(Lanes!AX35),"",ROUND(Lanes!BD35,2)) | BJ35: =IF(ISBLANK(Lanes!BE35),"",Lanes!BE35) | BK35: =IF(ISBLANK(Lanes!BF35),"",Lanes!BF35) | BL35: =IF(ISBLANK(Lanes!BG35),"",Lanes!BG35) | BM35: =IF(ISBLANK(Lanes!BH35),"",Lanes!BH35) | BN35: =IF(ISBLANK(Lanes!BI35),"",Lanes!BI35) | BO35: =IF(ISBLANK(Lanes!BJ35),"",Lanes!BJ35) | BP35: =IF(ISBLANK(Lanes!BK35),"",Lanes!BK35) | BQ35: =IF(ISBLANK(Lanes!BL35),"",Lanes!BL35) | BR35: =IF(ISBLANK(Lanes!BM35),"",ROUND(Lanes!BM35,0)) | BS35: =IF(ISBLANK(Lanes!BN35),"",ROUND(Lanes!BN35,0)) | BT35: =IF(ISBLANK(Lanes!BO35),"",ROUND(Lanes!BO35,0)) | BU35: =IF(ISBLANK(Lanes!BN35),"",ROUND(Lanes!BP35,0)) | BV35: =IF(ISBLANK(Lanes!BQ35),"",ROUND(Lanes!BQ35,1)) | BW35: =IF(ISBLANK(Lanes!BR35),"",Lanes!BR35) | BX35: =IF(ISBLANK(Lanes!BS35),"",Lanes!BS35) | BY35: =IF(ISBLANK(Lanes!BT35),"",Lanes!BT35) | BZ35: =IF(ISBLANK(Lanes!BU35),"",Lanes!BU35) | CA35: =IF(ISBLANK(Lanes!BV35),"",ROUND(Lanes!BV35,1)) | CB35: =IF(ISBLANK(Lanes!BW35),"",ROUND(Lanes!BW35,2)) | CC35: =IF(ISBLANK(Lanes!BX35),"",ROUND(Lanes!BX35,1)) | CD35: =IF(ISBLANK(Lanes!BY35),"",ROUND(Lanes!BY35,2)) | CE35: =IF(ISBLANK(Lanes!BZ35),"",ROUND(Lanes!BZ35,0)) | CF35: =IF(ISBLANK(Lanes!CA35),"",ROUND(Lanes!CA35,0)) | CG35: =IF(ISBLANK(Lanes!CB35),"",ROUND(Lanes!CB35,0)) | CH35: =IF(ISBLANK(Lanes!CC35),"",ROUND(Lanes!CC35,2)) | CI35: =IF(ISBLANK(Lanes!CD35),"",ROUND(Lanes!CD35,2)) | CJ35: =IF(ISBLANK(Lanes!CE35),"",ROUND(Lanes!CE35,2)) | CK35: =IF(ISBLANK(Lanes!CF35),"",ROUND(Lanes!CF35,0)) | CL35: =IF(ISBLANK(Lanes!CG35),"",ROUND(Lanes!CG35,0)) | CM35: =IF(ISBLANK(Lanes!CH35),"",ROUND(Lanes!CH35,0)) | CN35: =IF(ISBLANK(Lanes!CI35),"",ROUND(Lanes!CI35,2)) | CO35: =IF(ISBLANK(Lanes!CJ35),"",ROUND(Lanes!CJ35,2)) | CP35: =IF(ISBLANK(Lanes!CK35),"",ROUND(Lanes!CK35,2)) | CQ35: =IF(ISBLANK(Lanes!CL35),"","delete")
A36: 1440 | B36: 1135 | C36: 1 | D36: 135 | E36: 135 | F36: Existing | G36: Ramp to Port | H36: 40' DV/HC | I36: Bangkok | J36: Lat Krabang (via LCB) | L36: Thailand | M36: APAC | N36: Far East | O36: Manila | P36: Manila | R36: Philippines | S36: APAC | T36: Far East | U36: Petfood | V36: CFR | W36: Prepaid | X36: Sending Unit | AA36: Yes | AB36: 1543 | AC36: 30 | AD36: No | AE36: 0.25 | AF36: 0.25 | AG36: 0.25 | AH36: 0.25 | AI36: No | AJ36: 10 | AK36: 5 | AL36: 0 | AN36: 10 | AO36: 10 | AP36: 0 | AR36: 0.1 | AS36: USD | AT36: =IF(ISBLANK(Lanes!AO36),"",ROUND(Lanes!AO36,2)) | AU36: =IF(ISBLANK(Lanes!AP36),"",ROUND(Lanes!AP36,2)) | AV36: =IF(ISBLANK(Lanes!AQ36),"",ROUND(Lanes!AQ36,2)) | AW36: =IF(ISBLANK(Lanes!AP36),"",ROUND(Lanes!AR36,2)) | AX36: =IF(ISBLANK(Lanes!AS36),"",ROUND(Lanes!AS36,2)) | AY36: =IF(ISBLANK(Lanes!AT36),"",ROUND(Lanes!AT36,2)) | AZ36: =IF(ISBLANK(Lanes!AP36),"",ROUND(Lanes!AU36,2)) | BA36: =IF(ISBLANK(Lanes!AP36),"",ROUND(Lanes!AV36,2)) | BB36: =IF(ISBLANK(Lanes!AW36),"",ROUND(Lanes!AW36,2)) | BC36: =IF(ISBLANK(Lanes!AX36),"",ROUND(Lanes!AX36,2)) | BD36: =IF(ISBLANK(Lanes!AY36),"",ROUND(Lanes!AY36,2)) | BE36: =IF(ISBLANK(Lanes!AX36),"",ROUND(Lanes!AZ36,2)) | BF36: =IF(ISBLANK(Lanes!BA36),"",ROUND(Lanes!BA36,2)) | BG36: =IF(ISBLANK(Lanes!BB36),"",ROUND(Lanes!BB36,2)) | BH36: =IF(ISBLANK(Lanes!AX36),"",ROUND(Lanes!BC36,2)) | BI36: =IF(ISBLANK(Lanes!AX36),"",ROUND(Lanes!BD36,2)) | BJ36: =IF(ISBLANK(Lanes!BE36),"",Lanes!BE36) | BK36: =IF(ISBLANK(Lanes!BF36),"",Lanes!BF36) | BL36: =IF(ISBLANK(Lanes!BG36),"",Lanes!BG36) | BM36: =IF(ISBLANK(Lanes!BH36),"",Lanes!BH36) | BN36: =IF(ISBLANK(Lanes!BI36),"",Lanes!BI36) | BO36: =IF(ISBLANK(Lanes!BJ36),"",Lanes!BJ36) | BP36: =IF(ISBLANK(Lanes!BK36),"",Lanes!BK36) | BQ36: =IF(ISBLANK(Lanes!BL36),"",Lanes!BL36) | BR36: =IF(ISBLANK(Lanes!BM36),"",ROUND(Lanes!BM36,0)) | BS36: =IF(ISBLANK(Lanes!BN36),"",ROUND(Lanes!BN36,0)) | BT36: =IF(ISBLANK(Lanes!BO36),"",ROUND(Lanes!BO36,0)) | BU36: =IF(ISBLANK(Lanes!BN36),"",ROUND(Lanes!BP36,0)) | BV36: =IF(ISBLANK(Lanes!BQ36),"",ROUND(Lanes!BQ36,1)) | BW36: =IF(ISBLANK(Lanes!BR36),"",Lanes!BR36) | BX36: =IF(ISBLANK(Lanes!BS36),"",Lanes!BS36) | BY36: =IF(ISBLANK(Lanes!BT36),"",Lanes!BT36) | BZ36: =IF(ISBLANK(Lanes!BU36),"",Lanes!BU36) | CA36: =IF(ISBLANK(Lanes!BV36),"",ROUND(Lanes!BV36,1)) | CB36: =IF(ISBLANK(Lanes!BW36),"",ROUND(Lanes!BW36,2)) | CC36: =IF(ISBLANK(Lanes!BX36),"",ROUND(Lanes!BX36,1)) | CD36: =IF(ISBLANK(Lanes!BY36),"",ROUND(Lanes!BY36,2)) | CE36: =IF(ISBLANK(Lanes!BZ36),"",ROUND(Lanes!BZ36,0)) | CF36: =IF(ISBLANK(Lanes!CA36),"",ROUND(Lanes!CA36,0)) | CG36: =IF(ISBLANK(Lanes!CB36),"",ROUND(Lanes!CB36,0)) | CH36: =IF(ISBLANK(Lanes!CC36),"",ROUND(Lanes!CC36,2)) | CI36: =IF(ISBLANK(Lanes!CD36),"",ROUND(Lanes!CD36,2)) | CJ36: =IF(ISBLANK(Lanes!CE36),"",ROUND(Lanes!CE36,2)) | CK36: =IF(ISBLANK(Lanes!CF36),"",ROUND(Lanes!CF36,0)) | CL36: =IF(ISBLANK(Lanes!CG36),"",ROUND(Lanes!CG36,0)) | CM36: =IF(ISBLANK(Lanes!CH36),"",ROUND(Lanes!CH36,0)) | CN36: =IF(ISBLANK(Lanes!CI36),"",ROUND(Lanes!CI36,2)) | CO36: =IF(ISBLANK(Lanes!CJ36),"",ROUND(Lanes!CJ36,2)) | CP36: =IF(ISBLANK(Lanes!CK36),"",ROUND(Lanes!CK36,2)) | CQ36: =IF(ISBLANK(Lanes!CL36),"","delete")
A37: 1441 | B37: 1136 | C37: 1 | D37: 136 | E37: 136 | F37: Existing | G37: Ramp to Port | H37: 40' DV/HC | I37: Bangkok | J37: Lat Krabang (via LCB) | L37: Thailand | M37: APAC | N37: Far East | O37: Hakata | P37: Hakata | R37: Japan | S37: APAC | T37: Far East | U37: Petfood | V37: CFR | W37: Prepaid | X37: Sending Unit | AA37: Yes | AB37: 182 | AC37: 4 | AD37: No | AE37: 0.25 | AF37: 0.25 | AG37: 0.25 | AH37: 0.25 | AI37: No | AJ37: 10 | AK37: 5 | AL37: 0 | AN37: 7 | AO37: 7 | AP37: 0 | AR37: 0.1 | AS37: USD | AT37: =IF(ISBLANK(Lanes!AO37),"",ROUND(Lanes!AO37,2)) | AU37: =IF(ISBLANK(Lanes!AP37),"",ROUND(Lanes!AP37,2)) | AV37: =IF(ISBLANK(Lanes!AQ37),"",ROUND(Lanes!AQ37,2)) | AW37: =IF(ISBLANK(Lanes!AP37),"",ROUND(Lanes!AR37,2)) | AX37: =IF(ISBLANK(Lanes!AS37),"",ROUND(Lanes!AS37,2)) | AY37: =IF(ISBLANK(Lanes!AT37),"",ROUND(Lanes!AT37,2)) | AZ37: =IF(ISBLANK(Lanes!AP37),"",ROUND(Lanes!AU37,2)) | BA37: =IF(ISBLANK(Lanes!AP37),"",ROUND(Lanes!AV37,2)) | BB37: =IF(ISBLANK(Lanes!AW37),"",ROUND(Lanes!AW37,2)) | BC37: =IF(ISBLANK(Lanes!AX37),"",ROUND(Lanes!AX37,2)) | BD37: =IF(ISBLANK(Lanes!AY37),"",ROUND(Lanes!AY37,2)) | BE37: =IF(ISBLANK(Lanes!AX37),"",ROUND(Lanes!AZ37,2)) | BF37: =IF(ISBLANK(Lanes!BA37),"",ROUND(Lanes!BA37,2)) | BG37: =IF(ISBLANK(Lanes!BB37),"",ROUND(Lanes!BB37,2)) | BH37: =IF(ISBLANK(Lanes!AX37),"",ROUND(Lanes!BC37,2)) | BI37: =IF(ISBLANK(Lanes!AX37),"",ROUND(Lanes!BD37,2)) | BJ37: =IF(ISBLANK(Lanes!BE37),"",Lanes!BE37) | BK37: =IF(ISBLANK(Lanes!BF37),"",Lanes!BF37) | BL37: =IF(ISBLANK(Lanes!BG37),"",Lanes!BG37) | BM37: =IF(ISBLANK(Lanes!BH37),"",Lanes!BH37) | BN37: =IF(ISBLANK(Lanes!BI37),"",Lanes!BI37) | BO37: =IF(ISBLANK(Lanes!BJ37),"",Lanes!BJ37) | BP37: =IF(ISBLANK(Lanes!BK37),"",Lanes!BK37) | BQ37: =IF(ISBLANK(Lanes!BL37),"",Lanes!BL37) | BR37: =IF(ISBLANK(Lanes!BM37),"",ROUND(Lanes!BM37,0)) | BS37: =IF(ISBLANK(Lanes!BN37),"",ROUND(Lanes!BN37,0)) | BT37: =IF(ISBLANK(Lanes!BO37),"",ROUND(Lanes!BO37,0)) | BU37: =IF(ISBLANK(Lanes!BN37),"",ROUND(Lanes!BP37,0)) | BV37: =IF(ISBLANK(Lanes!BQ37),"",ROUND(Lanes!BQ37,1)) | BW37: =IF(ISBLANK(Lanes!BR37),"",Lanes!BR37) | BX37: =IF(ISBLANK(Lanes!BS37),"",Lanes!BS37) | BY37: =IF(ISBLANK(Lanes!BT37),"",Lanes!BT37) | BZ37: =IF(ISBLANK(Lanes!BU37),"",Lanes!BU37) | CA37: =IF(ISBLANK(Lanes!BV37),"",ROUND(Lanes!BV37,1)) | CB37: =IF(ISBLANK(Lanes!BW37),"",ROUND(Lanes!BW37,2)) | CC37: =IF(ISBLANK(Lanes!BX37),"",ROUND(Lanes!BX37,1)) | CD37: =IF(ISBLANK(Lanes!BY37),"",ROUND(Lanes!BY37,2)) | CE37: =IF(ISBLANK(Lanes!BZ37),"",ROUND(Lanes!BZ37,0)) | CF37: =IF(ISBLANK(Lanes!CA37),"",ROUND(Lanes!CA37,0)) | CG37: =IF(ISBLANK(Lanes!CB37),"",ROUND(Lanes!CB37,0)) | CH37: =IF(ISBLANK(Lanes!CC37),"",ROUND(Lanes!CC37,2)) | CI37: =IF(ISBLANK(Lanes!CD37),"",ROUND(Lanes!CD37,2)) | CJ37: =IF(ISBLANK(Lanes!CE37),"",ROUND(Lanes!CE37,2)) | CK37: =IF(ISBLANK(Lanes!CF37),"",ROUND(Lanes!CF37,0)) | CL37: =IF(ISBLANK(Lanes!CG37),"",ROUND(Lanes!CG37,0)) | CM37: =IF(ISBLANK(Lanes!CH37),"",ROUND(Lanes!CH37,0)) | CN37: =IF(ISBLANK(Lanes!CI37),"",ROUND(Lanes!CI37,2)) | CO37: =IF(ISBLANK(Lanes!CJ37),"",ROUND(Lanes!CJ37,2)) | CP37: =IF(ISBLANK(Lanes!CK37),"",ROUND(Lanes!CK37,2)) | CQ37: =IF(ISBLANK(Lanes!CL37),"","delete")
A38: 1442 | B38: 1137 | C38: 1 | D38: 137 | E38: 137 | F38: Existing | G38: Ramp to Port | H38: 40' DV/HC | I38: Bangkok | J38: Lat Krabang (via LCB) | L38: Thailand | M38: APAC | N38: Far East | O38: Port Klang | P38: Port Klang | R38: Malaysia | S38: APAC | T38: Far East | U38: Petfood | V38: CFR | W38: Prepaid | X38: Sending Unit | AA38: Yes | AB38: 1500 | AC38: 29 | AD38: No | AE38: 0.25 | AF38: 0.25 | AG38: 0.25 | AH38: 0.25 | AI38: No | AJ38: 10 | AK38: 5 | AL38: 0 | AN38: 10 | AO38: 15 | AP38: 0 | AR38: 0.1 | AS38: USD | AT38: =IF(ISBLANK(Lanes!AO38),"",ROUND(Lanes!AO38,2)) | AU38: =IF(ISBLANK(Lanes!AP38),"",ROUND(Lanes!AP38,2)) | AV38: =IF(ISBLANK(Lanes!AQ38),"",ROUND(Lanes!AQ38,2)) | AW38: =IF(ISBLANK(Lanes!AP38),"",ROUND(Lanes!AR38,2)) | AX38: =IF(ISBLANK(Lanes!AS38),"",ROUND(Lanes!AS38,2)) | AY38: =IF(ISBLANK(Lanes!AT38),"",ROUND(Lanes!AT38,2)) | AZ38: =IF(ISBLANK(Lanes!AP38),"",ROUND(Lanes!AU38,2)) | BA38: =IF(ISBLANK(Lanes!AP38),"",ROUND(Lanes!AV38,2)) | BB38: =IF(ISBLANK(Lanes!AW38),"",ROUND(Lanes!AW38,2)) | BC38: =IF(ISBLANK(Lanes!AX38),"",ROUND(Lanes!AX38,2)) | BD38: =IF(ISBLANK(Lanes!AY38),"",ROUND(Lanes!AY38,2)) | BE38: =IF(ISBLANK(Lanes!AX38),"",ROUND(Lanes!AZ38,2)) | BF38: =IF(ISBLANK(Lanes!BA38),"",ROUND(Lanes!BA38,2)) | BG38: =IF(ISBLANK(Lanes!BB38),"",ROUND(Lanes!BB38,2)) | BH38: =IF(ISBLANK(Lanes!AX38),"",ROUND(Lanes!BC38,2)) | BI38: =IF(ISBLANK(Lanes!AX38),"",ROUND(Lanes!BD38,2)) | BJ38: =IF(ISBLANK(Lanes!BE38),"",Lanes!BE38) | BK38: =IF(ISBLANK(Lanes!BF38),"",Lanes!BF38) | BL38: =IF(ISBLANK(Lanes!BG38),"",Lanes!BG38) | BM38: =IF(ISBLANK(Lanes!BH38),"",Lanes!BH38) | BN38: =IF(ISBLANK(Lanes!BI38),"",Lanes!BI38) | BO38: =IF(ISBLANK(Lanes!BJ38),"",Lanes!BJ38) | BP38: =IF(ISBLANK(Lanes!BK38),"",Lanes!BK38) | BQ38: =IF(ISBLANK(Lanes!BL38),"",Lanes!BL38) | BR38: =IF(ISBLANK(Lanes!BM38),"",ROUND(Lanes!BM38,0)) | BS38: =IF(ISBLANK(Lanes!BN38),"",ROUND(Lanes!BN38,0)) | BT38: =IF(ISBLANK(Lanes!BO38),"",ROUND(Lanes!BO38,0)) | BU38: =IF(ISBLANK(Lanes!BN38),"",ROUND(Lanes!BP38,0)) | BV38: =IF(ISBLANK(Lanes!BQ38),"",ROUND(Lanes!BQ38,1)) | BW38: =IF(ISBLANK(Lanes!BR38),"",Lanes!BR38) | BX38: =IF(ISBLANK(Lanes!BS38),"",Lanes!BS38) | BY38: =IF(ISBLANK(Lanes!BT38),"",Lanes!BT38) | BZ38: =IF(ISBLANK(Lanes!BU38),"",Lanes!BU38) | CA38: =IF(ISBLANK(Lanes!BV38),"",ROUND(Lanes!BV38,1)) | CB38: =IF(ISBLANK(Lanes!BW38),"",ROUND(Lanes!BW38,2)) | CC38: =IF(ISBLANK(Lanes!BX38),"",ROUND(Lanes!BX38,1)) | CD38: =IF(ISBLANK(Lanes!BY38),"",ROUND(Lanes!BY38,2)) | CE38: =IF(ISBLANK(Lanes!BZ38),"",ROUND(Lanes!BZ38,0)) | CF38: =IF(ISBLANK(Lanes!CA38),"",ROUND(Lanes!CA38,0)) | CG38: =IF(ISBLANK(Lanes!CB38),"",ROUND(Lanes!CB38,0)) | CH38: =IF(ISBLANK(Lanes!CC38),"",ROUND(Lanes!CC38,2)) | CI38: =IF(ISBLANK(Lanes!CD38),"",ROUND(Lanes!CD38,2)) | CJ38: =IF(ISBLANK(Lanes!CE38),"",ROUND(Lanes!CE38,2)) | CK38: =IF(ISBLANK(Lanes!CF38),"",ROUND(Lanes!CF38,0)) | CL38: =IF(ISBLANK(Lanes!CG38),"",ROUND(Lanes!CG38,0)) | CM38: =IF(ISBLANK(Lanes!CH38),"",ROUND(Lanes!CH38,0)) | CN38: =IF(ISBLANK(Lanes!CI38),"",ROUND(Lanes!CI38,2)) | CO38: =IF(ISBLANK(Lanes!CJ38),"",ROUND(Lanes!CJ38,2)) | CP38: =IF(ISBLANK(Lanes!CK38),"",ROUND(Lanes!CK38,2)) | CQ38: =IF(ISBLANK(Lanes!CL38),"","delete")
A39: 1443 | B39: 1138 | C39: 1 | D39: 138 | E39: 138 | F39: Existing | G39: Ramp to Port | H39: 40' DV/HC | I39: Bangkok | J39: Lat Krabang (via LCB) | L39: Thailand | M39: APAC | N39: Far East | O39: Kobe | P39: Kobe | R39: Japan | S39: APAC | T39: Far East | U39: Petfood | V39: CFR | W39: Prepaid | X39: Sending Unit | AA39: Yes | AB39: 493.75 | AC39: 10 | AD39: No | AE39: 0.25 | AF39: 0.25 | AG39: 0.25 | AH39: 0.25 | AI39: No | AJ39: 10 | AK39: 5 | AL39: 0 | AN39: 7 | AO39: 7 | AP39: 0 | AR39: 0.1 | AS39: USD | AT39: =IF(ISBLANK(Lanes!AO39),"",ROUND(Lanes!AO39,2)) | AU39: =IF(ISBLANK(Lanes!AP39),"",ROUND(Lanes!AP39,2)) | AV39: =IF(ISBLANK(Lanes!AQ39),"",ROUND(Lanes!AQ39,2)) | AW39: =IF(ISBLANK(Lanes!AP39),"",ROUND(Lanes!AR39,2)) | AX39: =IF(ISBLANK(Lanes!AS39),"",ROUND(Lanes!AS39,2)) | AY39: =IF(ISBLANK(Lanes!AT39),"",ROUND(Lanes!AT39,2)) | AZ39: =IF(ISBLANK(Lanes!AP39),"",ROUND(Lanes!AU39,2)) | BA39: =IF(ISBLANK(Lanes!AP39),"",ROUND(Lanes!AV39,2)) | BB39: =IF(ISBLANK(Lanes!AW39),"",ROUND(Lanes!AW39,2)) | BC39: =IF(ISBLANK(Lanes!AX39),"",ROUND(Lanes!AX39,2)) | BD39: =IF(ISBLANK(Lanes!AY39),"",ROUND(Lanes!AY39,2)) | BE39: =IF(ISBLANK(Lanes!AX39),"",ROUND(Lanes!AZ39,2)) | BF39: =IF(ISBLANK(Lanes!BA39),"",ROUND(Lanes!BA39,2)) | BG39: =IF(ISBLANK(Lanes!BB39),"",ROUND(Lanes!BB39,2)) | BH39: =IF(ISBLANK(Lanes!AX39),"",ROUND(Lanes!BC39,2)) | BI39: =IF(ISBLANK(Lanes!AX39),"",ROUND(Lanes!BD39,2)) | BJ39: =IF(ISBLANK(Lanes!BE39),"",Lanes!BE39) | BK39: =IF(ISBLANK(Lanes!BF39),"",Lanes!BF39) | BL39: =IF(ISBLANK(Lanes!BG39),"",Lanes!BG39) | BM39: =IF(ISBLANK(Lanes!BH39),"",Lanes!BH39) | BN39: =IF(ISBLANK(Lanes!BI39),"",Lanes!BI39) | BO39: =IF(ISBLANK(Lanes!BJ39),"",Lanes!BJ39) | BP39: =IF(ISBLANK(Lanes!BK39),"",Lanes!BK39) | BQ39: =IF(ISBLANK(Lanes!BL39),"",Lanes!BL39) | BR39: =IF(ISBLANK(Lanes!BM39),"",ROUND(Lanes!BM39,0)) | BS39: =IF(ISBLANK(Lanes!BN39),"",ROUND(Lanes!BN39,0)) | BT39: =IF(ISBLANK(Lanes!BO39),"",ROUND(Lanes!BO39,0)) | BU39: =IF(ISBLANK(Lanes!BN39),"",ROUND(Lanes!BP39,0)) | BV39: =IF(ISBLANK(Lanes!BQ39),"",ROUND(Lanes!BQ39,1)) | BW39: =IF(ISBLANK(Lanes!BR39),"",Lanes!BR39) | BX39: =IF(ISBLANK(Lanes!BS39),"",Lanes!BS39) | BY39: =IF(ISBLANK(Lanes!BT39),"",Lanes!BT39) | BZ39: =IF(ISBLANK(Lanes!BU39),"",Lanes!BU39) | CA39: =IF(ISBLANK(Lanes!BV39),"",ROUND(Lanes!BV39,1)) | CB39: =IF(ISBLANK(Lanes!BW39),"",ROUND(Lanes!BW39,2)) | CC39: =IF(ISBLANK(Lanes!BX39),"",ROUND(Lanes!BX39,1)) | CD39: =IF(ISBLANK(Lanes!BY39),"",ROUND(Lanes!BY39,2)) | CE39: =IF(ISBLANK(Lanes!BZ39),"",ROUND(Lanes!BZ39,0)) | CF39: =IF(ISBLANK(Lanes!CA39),"",ROUND(Lanes!CA39,0)) | CG39: =IF(ISBLANK(Lanes!CB39),"",ROUND(Lanes!CB39,0)) | CH39: =IF(ISBLANK(Lanes!CC39),"",ROUND(Lanes!CC39,2)) | CI39: =IF(ISBLANK(Lanes!CD39),"",ROUND(Lanes!CD39,2)) | CJ39: =IF(ISBLANK(Lanes!CE39),"",ROUND(Lanes!CE39,2)) | CK39: =IF(ISBLANK(Lanes!CF39),"",ROUND(Lanes!CF39,0)) | CL39: =IF(ISBLANK(Lanes!CG39),"",ROUND(Lanes!CG39,0)) | CM39: =IF(ISBLANK(Lanes!CH39),"",ROUND(Lanes!CH39,0)) | CN39: =IF(ISBLANK(Lanes!CI39),"",ROUND(Lanes!CI39,2)) | CO39: =IF(ISBLANK(Lanes!CJ39),"",ROUND(Lanes!CJ39,2)) | CP39: =IF(ISBLANK(Lanes!CK39),"",ROUND(Lanes!CK39,2)) | CQ39: =IF(ISBLANK(Lanes!CL39),"","delete")
A40: 1444 | B40: 1139 | C40: 1 | D40: 139 | E40: 139 | F40: Existing | G40: Ramp to Port | H40: 40' DV/HC | I40: Bangkok | J40: Lat Krabang (via LCB) | L40: Thailand | M40: APAC | N40: Far East | O40: Tokyo | P40: Tokyo | R40: Japan | S40: APAC | T40: Far East | U40: Petfood | V40: CFR | W40: Prepaid | X40: Sending Unit | AA40: Yes | AB40: 861.25 | AC40: 17 | AD40: No | AE40: 0.25 | AF40: 0.25 | AG40: 0.25 | AH40: 0.25 | AI40: No | AJ40: 10 | AK40: 5 | AL40: 0 | AN40: 9 | AO40: 9 | AP40: 0 | AR40: 0.1 | AS40: USD | AT40: =IF(ISBLANK(Lanes!AO40),"",ROUND(Lanes!AO40,2)) | AU40: =IF(ISBLANK(Lanes!AP40),"",ROUND(Lanes!AP40,2)) | AV40: =IF(ISBLANK(Lanes!AQ40),"",ROUND(Lanes!AQ40,2)) | AW40: =IF(ISBLANK(Lanes!AP40),"",ROUND(Lanes!AR40,2)) | AX40: =IF(ISBLANK(Lanes!AS40),"",ROUND(Lanes!AS40,2)) | AY40: =IF(ISBLANK(Lanes!AT40),"",ROUND(Lanes!AT40,2)) | AZ40: =IF(ISBLANK(Lanes!AP40),"",ROUND(Lanes!AU40,2)) | BA40: =IF(ISBLANK(Lanes!AP40),"",ROUND(Lanes!AV40,2)) | BB40: =IF(ISBLANK(Lanes!AW40),"",ROUND(Lanes!AW40,2)) | BC40: =IF(ISBLANK(Lanes!AX40),"",ROUND(Lanes!AX40,2)) | BD40: =IF(ISBLANK(Lanes!AY40),"",ROUND(Lanes!AY40,2)) | BE40: =IF(ISBLANK(Lanes!AX40),"",ROUND(Lanes!AZ40,2)) | BF40: =IF(ISBLANK(Lanes!BA40),"",ROUND(Lanes!BA40,2)) | BG40: =IF(ISBLANK(Lanes!BB40),"",ROUND(Lanes!BB40,2)) | BH40: =IF(ISBLANK(Lanes!AX40),"",ROUND(Lanes!BC40,2)) | BI40: =IF(ISBLANK(Lanes!AX40),"",ROUND(Lanes!BD40,2)) | BJ40: =IF(ISBLANK(Lanes!BE40),"",Lanes!BE40) | BK40: =IF(ISBLANK(Lanes!BF40),"",Lanes!BF40) | BL40: =IF(ISBLANK(Lanes!BG40),"",Lanes!BG40) | BM40: =IF(ISBLANK(Lanes!BH40),"",Lanes!BH40) | BN40: =IF(ISBLANK(Lanes!BI40),"",Lanes!BI40) | BO40: =IF(ISBLANK(Lanes!BJ40),"",Lanes!BJ40) | BP40: =IF(ISBLANK(Lanes!BK40),"",Lanes!BK40) | BQ40: =IF(ISBLANK(Lanes!BL40),"",Lanes!BL40) | BR40: =IF(ISBLANK(Lanes!BM40),"",ROUND(Lanes!BM40,0)) | BS40: =IF(ISBLANK(Lanes!BN40),"",ROUND(Lanes!BN40,0)) | BT40: =IF(ISBLANK(Lanes!BO40),"",ROUND(Lanes!BO40,0)) | BU40: =IF(ISBLANK(Lanes!BN40),"",ROUND(Lanes!BP40,0)) | BV40: =IF(ISBLANK(Lanes!BQ40),"",ROUND(Lanes!BQ40,1)) | BW40: =IF(ISBLANK(Lanes!BR40),"",Lanes!BR40) | BX40: =IF(ISBLANK(Lanes!BS40),"",Lanes!BS40) | BY40: =IF(ISBLANK(Lanes!BT40),"",Lanes!BT40) | BZ40: =IF(ISBLANK(Lanes!BU40),"",Lanes!BU40) | CA40: =IF(ISBLANK(Lanes!BV40),"",ROUND(Lanes!BV40,1)) | CB40: =IF(ISBLANK(Lanes!BW40),"",ROUND(Lanes!BW40,2)) | CC40: =IF(ISBLANK(Lanes!BX40),"",ROUND(Lanes!BX40,1)) | CD40: =IF(ISBLANK(Lanes!BY40),"",ROUND(Lanes!BY40,2)) | CE40: =IF(ISBLANK(Lanes!BZ40),"",ROUND(Lanes!BZ40,0)) | CF40: =IF(ISBLANK(Lanes!CA40),"",ROUND(Lanes!CA40,0)) | CG40: =IF(ISBLANK(Lanes!CB40),"",ROUND(Lanes!CB40,0)) | CH40: =IF(ISBLANK(Lanes!CC40),"",ROUND(Lanes!CC40,2)) | CI40: =IF(ISBLANK(Lanes!CD40),"",ROUND(Lanes!CD40,2)) | CJ40: =IF(ISBLANK(Lanes!CE40),"",ROUND(Lanes!CE40,2)) | CK40: =IF(ISBLANK(Lanes!CF40),"",ROUND(Lanes!CF40,0)) | CL40: =IF(ISBLANK(Lanes!CG40),"",ROUND(Lanes!CG40,0)) | CM40: =IF(ISBLANK(Lanes!CH40),"",ROUND(Lanes!CH40,0)) | CN40: =IF(ISBLANK(Lanes!CI40),"",ROUND(Lanes!CI40,2)) | CO40: =IF(ISBLANK(Lanes!CJ40),"",ROUND(Lanes!CJ40,2)) | CP40: =IF(ISBLANK(Lanes!CK40),"",ROUND(Lanes!CK40,2)) | CQ40: =IF(ISBLANK(Lanes!CL40),"","delete")
A41: 1445 | B41: 1140 | C41: 1 | D41: 140 | E41: 140 | F41: Existing | G41: Ramp to Port | H41: 40' DV/HC | I41: Bangkok | J41: Lat Krabang (via LCB) | L41: Thailand | M41: APAC | N41: Far East | O41: Haiphong | P41: Haiphong | R41: Vietnam | S41: APAC | T41: Far East | U41: Petfood | V41: CFR | W41: Prepaid | X41: Sending Unit | AA41: Yes | AB41: 6 | AC41: 1 | AD41: No | AE41: 0.25 | AF41: 0.25 | AG41: 0.25 | AH41: 0.25 | AI41: No | AJ41: 10 | AK41: 5 | AL41: 0 | AN41: 20 | AO41: 5 | AP41: 0 | AR41: 0.1 | AS41: USD | AT41: =IF(ISBLANK(Lanes!AO41),"",ROUND(Lanes!AO41,2)) | AU41: =IF(ISBLANK(Lanes!AP41),"",ROUND(Lanes!AP41,2)) | AV41: =IF(ISBLANK(Lanes!AQ41),"",ROUND(Lanes!AQ41,2)) | AW41: =IF(ISBLANK(Lanes!AP41),"",ROUND(Lanes!AR41,2)) | AX41: =IF(ISBLANK(Lanes!AS41),"",ROUND(Lanes!AS41,2)) | AY41: =IF(ISBLANK(Lanes!AT41),"",ROUND(Lanes!AT41,2)) | AZ41: =IF(ISBLANK(Lanes!AP41),"",ROUND(Lanes!AU41,2)) | BA41: =IF(ISBLANK(Lanes!AP41),"",ROUND(Lanes!AV41,2)) | BB41: =IF(ISBLANK(Lanes!AW41),"",ROUND(Lanes!AW41,2)) | BC41: =IF(ISBLANK(Lanes!AX41),"",ROUND(Lanes!AX41,2)) | BD41: =IF(ISBLANK(Lanes!AY41),"",ROUND(Lanes!AY41,2)) | BE41: =IF(ISBLANK(Lanes!AX41),"",ROUND(Lanes!AZ41,2)) | BF41: =IF(ISBLANK(Lanes!BA41),"",ROUND(Lanes!BA41,2)) | BG41: =IF(ISBLANK(Lanes!BB41),"",ROUND(Lanes!BB41,2)) | BH41: =IF(ISBLANK(Lanes!AX41),"",ROUND(Lanes!BC41,2)) | BI41: =IF(ISBLANK(Lanes!AX41),"",ROUND(Lanes!BD41,2)) | BJ41: =IF(ISBLANK(Lanes!BE41),"",Lanes!BE41) | BK41: =IF(ISBLANK(Lanes!BF41),"",Lanes!BF41) | BL41: =IF(ISBLANK(Lanes!BG41),"",Lanes!BG41) | BM41: =IF(ISBLANK(Lanes!BH41),"",Lanes!BH41) | BN41: =IF(ISBLANK(Lanes!BI41),"",Lanes!BI41) | BO41: =IF(ISBLANK(Lanes!BJ41),"",Lanes!BJ41) | BP41: =IF(ISBLANK(Lanes!BK41),"",Lanes!BK41) | BQ41: =IF(ISBLANK(Lanes!BL41),"",Lanes!BL41) | BR41: =IF(ISBLANK(Lanes!BM41),"",ROUND(Lanes!BM41,0)) | BS41: =IF(ISBLANK(Lanes!BN41),"",ROUND(Lanes!BN41,0)) | BT41: =IF(ISBLANK(Lanes!BO41),"",ROUND(Lanes!BO41,0)) | BU41: =IF(ISBLANK(Lanes!BN41),"",ROUND(Lanes!BP41,0)) | BV41: =IF(ISBLANK(Lanes!BQ41),"",ROUND(Lanes!BQ41,1)) | BW41: =IF(ISBLANK(Lanes!BR41),"",Lanes!BR41) | BX41: =IF(ISBLANK(Lanes!BS41),"",Lanes!BS41) | BY41: =IF(ISBLANK(Lanes!BT41),"",Lanes!BT41) | BZ41: =IF(ISBLANK(Lanes!BU41),"",Lanes!BU41) | CA41: =IF(ISBLANK(Lanes!BV41),"",ROUND(Lanes!BV41,1)) | CB41: =IF(ISBLANK(Lanes!BW41),"",ROUND(Lanes!BW41,2)) | CC41: =IF(ISBLANK(Lanes!BX41),"",ROUND(Lanes!BX41,1)) | CD41: =IF(ISBLANK(Lanes!BY41),"",ROUND(Lanes!BY41,2)) | CE41: =IF(ISBLANK(Lanes!BZ41),"",ROUND(Lanes!BZ41,0)) | CF41: =IF(ISBLANK(Lanes!CA41),"",ROUND(Lanes!CA41,0)) | CG41: =IF(ISBLANK(Lanes!CB41),"",ROUND(Lanes!CB41,0)) | CH41: =IF(ISBLANK(Lanes!CC41),"",ROUND(Lanes!CC41,2)) | CI41: =IF(ISBLANK(Lanes!CD41),"",ROUND(Lanes!CD41,2)) | CJ41: =IF(ISBLANK(Lanes!CE41),"",ROUND(Lanes!CE41,2)) | CK41: =IF(ISBLANK(Lanes!CF41),"",ROUND(Lanes!CF41,0)) | CL41: =IF(ISBLANK(Lanes!CG41),"",ROUND(Lanes!CG41,0)) | CM41: =IF(ISBLANK(Lanes!CH41),"",ROUND(Lanes!CH41,0)) | CN41: =IF(ISBLANK(Lanes!CI41),"",ROUND(Lanes!CI41,2)) | CO41: =IF(ISBLANK(Lanes!CJ41),"",ROUND(Lanes!CJ41,2)) | CP41: =IF(ISBLANK(Lanes!CK41),"",ROUND(Lanes!CK41,2)) | CQ41: =IF(ISBLANK(Lanes!CL41),"","delete")
A42: 1446 | B42: 1141 | C42: 1 | D42: 141 | E42: 141 | F42: Existing | G42: Ramp to Port | H42: 40' DV/HC | I42: Bangkok | J42: Lat Krabang (via LCB) | L42: Thailand | M42: APAC | N42: Far East | O42: Cebu | P42: Cebu | R42: Philippines | S42: APAC | T42: Far East | U42: Petfood | V42: CFR | W42: Prepaid | X42: Sending Unit | AA42: Yes | AB42: 258 | AC42: 5 | AD42: No | AE42: 0.25 | AF42: 0.25 | AG42: 0.25 | AH42: 0.25 | AI42: No | AJ42: 10 | AK42: 5 | AL42: 0 | AN42: 10 | AO42: 10 | AP42: 0 | AR42: 0.1 | AS42: USD | AT42: =IF(ISBLANK(Lanes!AO42),"",ROUND(Lanes!AO42,2)) | AU42: =IF(ISBLANK(Lanes!AP42),"",ROUND(Lanes!AP42,2)) | AV42: =IF(ISBLANK(Lanes!AQ42),"",ROUND(Lanes!AQ42,2)) | AW42: =IF(ISBLANK(Lanes!AP42),"",ROUND(Lanes!AR42,2)) | AX42: =IF(ISBLANK(Lanes!AS42),"",ROUND(Lanes!AS42,2)) | AY42: =IF(ISBLANK(Lanes!AT42),"",ROUND(Lanes!AT42,2)) | AZ42: =IF(ISBLANK(Lanes!AP42),"",ROUND(Lanes!AU42,2)) | BA42: =IF(ISBLANK(Lanes!AP42),"",ROUND(Lanes!AV42,2)) | BB42: =IF(ISBLANK(Lanes!AW42),"",ROUND(Lanes!AW42,2)) | BC42: =IF(ISBLANK(Lanes!AX42),"",ROUND(Lanes!AX42,2)) | BD42: =IF(ISBLANK(Lanes!AY42),"",ROUND(Lanes!AY42,2)) | BE42: =IF(ISBLANK(Lanes!AX42),"",ROUND(Lanes!AZ42,2)) | BF42: =IF(ISBLANK(Lanes!BA42),"",ROUND(Lanes!BA42,2)) | BG42: =IF(ISBLANK(Lanes!BB42),"",ROUND(Lanes!BB42,2)) | BH42: =IF(ISBLANK(Lanes!AX42),"",ROUND(Lanes!BC42,2)) | BI42: =IF(ISBLANK(Lanes!AX42),"",ROUND(Lanes!BD42,2)) | BJ42: =IF(ISBLANK(Lanes!BE42),"",Lanes!BE42) | BK42: =IF(ISBLANK(Lanes!BF42),"",Lanes!BF42) | BL42: =IF(ISBLANK(Lanes!BG42),"",Lanes!BG42) | BM42: =IF(ISBLANK(Lanes!BH42),"",Lanes!BH42) | BN42: =IF(ISBLANK(Lanes!BI42),"",Lanes!BI42) | BO42: =IF(ISBLANK(Lanes!BJ42),"",Lanes!BJ42) | BP42: =IF(ISBLANK(Lanes!BK42),"",Lanes!BK42) | BQ42: =IF(ISBLANK(Lanes!BL42),"",Lanes!BL42) | BR42: =IF(ISBLANK(Lanes!BM42),"",ROUND(Lanes!BM42,0)) | BS42: =IF(ISBLANK(Lanes!BN42),"",ROUND(Lanes!BN42,0)) | BT42: =IF(ISBLANK(Lanes!BO42),"",ROUND(Lanes!BO42,0)) | BU42: =IF(ISBLANK(Lanes!BN42),"",ROUND(Lanes!BP42,0)) | BV42: =IF(ISBLANK(Lanes!BQ42),"",ROUND(Lanes!BQ42,1)) | BW42: =IF(ISBLANK(Lanes!BR42),"",Lanes!BR42) | BX42: =IF(ISBLANK(Lanes!BS42),"",Lanes!BS42) | BY42: =IF(ISBLANK(Lanes!BT42),"",Lanes!BT42) | BZ42: =IF(ISBLANK(Lanes!BU42),"",Lanes!BU42) | CA42: =IF(ISBLANK(Lanes!BV42),"",ROUND(Lanes!BV42,1)) | CB42: =IF(ISBLANK(Lanes!BW42),"",ROUND(Lanes!BW42,2)) | CC42: =IF(ISBLANK(Lanes!BX42),"",ROUND(Lanes!BX42,1)) | CD42: =IF(ISBLANK(Lanes!BY42),"",ROUND(Lanes!BY42,2)) | CE42: =IF(ISBLANK(Lanes!BZ42),"",ROUND(Lanes!BZ42,0)) | CF42: =IF(ISBLANK(Lanes!CA42),"",ROUND(Lanes!CA42,0)) | CG42: =IF(ISBLANK(Lanes!CB42),"",ROUND(Lanes!CB42,0)) | CH42: =IF(ISBLANK(Lanes!CC42),"",ROUND(Lanes!CC42,2)) | CI42: =IF(ISBLANK(Lanes!CD42),"",ROUND(Lanes!CD42,2)) | CJ42: =IF(ISBLANK(Lanes!CE42),"",ROUND(Lanes!CE42,2)) | CK42: =IF(ISBLANK(Lanes!CF42),"",ROUND(Lanes!CF42,0)) | CL42: =IF(ISBLANK(Lanes!CG42),"",ROUND(Lanes!CG42,0)) | CM42: =IF(ISBLANK(Lanes!CH42),"",ROUND(Lanes!CH42,0)) | CN42: =IF(ISBLANK(Lanes!CI42),"",ROUND(Lanes!CI42,2)) | CO42: =IF(ISBLANK(Lanes!CJ42),"",ROUND(Lanes!CJ42,2)) | CP42: =IF(ISBLANK(Lanes!CK42),"",ROUND(Lanes!CK42,2)) | CQ42: =IF(ISBLANK(Lanes!CL42),"","delete")
... A79: 1483 | B79: 1183 | C79: 1 | D79: 178 | E79: 178 | F79: Existing | G79: Port to Port | H79: 20' DV | I79: Makassar | J79: Makassar | L79: Indonesia | M79: APAC | N79: Far East | O79: Saint Petersburg | P79: Saint Petersburg | R79: Russian Federation | S79: CIS | T79: Northern Europe | U79: Cocoa Butter | V79: FOB | W79: Collect | X79: Receiving Unit | AA79: Yes | AB79: 40 | AC79: 1 | AD79: No | AE79: 0.25 | AF79: 0.25 | AG79: 0.25 | AH79: 0.25 | AI79: No | AJ79: 0 | AK79: 15 | AL79: 0 | AN79: 0 | AO79: 0 | AP79: 10 | AR79: 0.45 | AS79: USD | AT79: =IF(ISBLANK(Lanes!AO79),"",ROUND(Lanes!AO79,2)) | AU79: =IF(ISBLANK(Lanes!AP79),"",ROUND(Lanes!AP79,2)) | AV79: =IF(ISBLANK(Lanes!AQ79),"",ROUND(Lanes!AQ79,2)) | AW79: =IF(ISBLANK(Lanes!AP79),"",ROUND(Lanes!AR79,2)) | AX79: =IF(ISBLANK(Lanes!AS79),"",ROUND(Lanes!AS79,2)) | AY79: =IF(ISBLANK(Lanes!AT79),"",ROUND(Lanes!AT79,2)) | AZ79: =IF(ISBLANK(Lanes!AP79),"",ROUND(Lanes!AU79,2)) | BA79: =IF(ISBLANK(Lanes!AP79),"",ROUND(Lanes!AV79,2)) | BB79: =IF(ISBLANK(Lanes!AW79),"",ROUND(Lanes!AW79,2)) | BC79: =IF(ISBLANK(Lanes!AX79),"",ROUND(Lanes!AX79,2)) | BD79: =IF(ISBLANK(Lanes!AY79),"",ROUND(Lanes!AY79,2)) | BE79: =IF(ISBLANK(Lanes!AX79),"",ROUND(Lanes!AZ79,2)) | BF79: =IF(ISBLANK(Lanes!BA79),"",ROUND(Lanes!BA79,2)) | BG79: =IF(ISBLANK(Lanes!BB79),"",ROUND(Lanes!BB79,2)) | BH79: =IF(ISBLANK(Lanes!AX79),"",ROUND(Lanes!BC79,2)) | BI79: =IF(ISBLANK(Lanes!AX79),"",ROUND(Lanes!BD79,2)) | BJ79: =IF(ISBLANK(Lanes!BE79),"",Lanes!BE79) | BK79: =IF(ISBLANK(Lanes!BF79),"",Lanes!BF79) | BL79: =IF(ISBLANK(Lanes!BG79),"",Lanes!BG79) | BM79: =IF(ISBLANK(Lanes!BH79),"",Lanes!BH79) | BN79: =IF(ISBLANK(Lanes!BI79),"",Lanes!BI79) | BO79: =IF(ISBLANK(Lanes!BJ79),"",Lanes!BJ79) | BP79: =IF(ISBLANK(Lanes!BK79),"",Lanes!BK79) | BQ79: =IF(ISBLANK(Lanes!BL79),"",Lanes!BL79) | BR79: =IF(ISBLANK(Lanes!BM79),"",ROUND(Lanes!BM79,0)) | BS79: =IF(ISBLANK(Lanes!BN79),"",ROUND(Lanes!BN79,0)) | BT79: =IF(ISBLANK(Lanes!BO79),"",ROUND(Lanes!BO79,0)) | BU79: =IF(ISBLANK(Lanes!BN79),"",ROUND(Lanes!BP79,0)) | BV79: =IF(ISBLANK(Lanes!BQ79),"",ROUND(Lanes!BQ79,1)) | BW79: =IF(ISBLANK(Lanes!BR79),"",Lanes!BR79) | BX79: =IF(ISBLANK(Lanes!BS79),"",Lanes!BS79) | BY79: =IF(ISBLANK(Lanes!BT79),"",Lanes!BT79) | BZ79: =IF(ISBLANK(Lanes!BU79),"",Lanes!BU79) | CA79: =IF(ISBLANK(Lanes!BV79),"",ROUND(Lanes!BV79,1)) | CB79: =IF(ISBLANK(Lanes!BW79),"",ROUND(Lanes!BW79,2)) | CC79: =IF(ISBLANK(Lanes!BX79),"",ROUND(Lanes!BX79,1)) | CD79: =IF(ISBLANK(Lanes!BY79),"",ROUND(Lanes!BY79,2)) | CE79: =IF(ISBLANK(Lanes!BZ79),"",ROUND(Lanes!BZ79,0)) | CF79: =IF(ISBLANK(Lanes!CA79),"",ROUND(Lanes!CA79,0)) | CG79: =IF(ISBLANK(Lanes!CB79),"",ROUND(Lanes!CB79,0)) | CH79: =IF(ISBLANK(Lanes!CC79),"",ROUND(Lanes!CC79,2)) | CI79: =IF(ISBLANK(Lanes!CD79),"",ROUND(Lanes!CD79,2)) | CJ79: =IF(ISBLANK(Lanes!CE79),"",ROUND(Lanes!CE79,2)) | CK79: =IF(ISBLANK(Lanes!CF79),"",ROUND(Lanes!CF79,0)) | CL79: =IF(ISBLANK(Lanes!CG79),"",ROUND(Lanes!CG79,0)) | CM79: =IF(ISBLANK(Lanes!CH79),"",ROUND(Lanes!CH79,0)) | CN79: =IF(ISBLANK(Lanes!CI79),"",ROUND(Lanes!CI79,2)) | CO79: =IF(ISBLANK(Lanes!CJ79),"",ROUND(Lanes!CJ79,2)) | CP79: =IF(ISBLANK(Lanes!CK79),"",ROUND(Lanes!CK79,2)) | CQ79: =IF(ISBLANK(Lanes!CL79),"","delete")
A80: 1484 | B80: 1184 | C80: 1 | D80: 179 | E80: 179 | F80: Existing | G80: Port to Port | H80: 40' DV/HC | I80: Manila | J80: Manila | L80: Philippines | M80: APAC | N80: Far East | O80: Rotterdam | P80: Rotterdam | R80: Netherlands | S80: Europe | T80: Northern Europe | U80: Raw/Packs | W80: Collect | X80: Receiving Unit | AB80: 33 | AC80: 1 | AD80: No | AE80: 0.25 | AF80: 0.25 | AG80: 0.25 | AH80: 0.25 | AJ80: 7 | AK80: 14 | AL80: 0 | AN80: 7 | AO80: 14 | AP80: 0 | AR80: 0.45 | AS80: USD | AT80: =IF(ISBLANK(Lanes!AO80),"",ROUND(Lanes!AO80,2)) | AU80: =IF(ISBLANK(Lanes!AP80),"",ROUND(Lanes!AP80,2)) | AV80: =IF(ISBLANK(Lanes!AQ80),"",ROUND(Lanes!AQ80,2)) | AW80: =IF(ISBLANK(Lanes!AP80),"",ROUND(Lanes!AR80,2)) | AX80: =IF(ISBLANK(Lanes!AS80),"",ROUND(Lanes!AS80,2)) | AY80: =IF(ISBLANK(Lanes!AT80),"",ROUND(Lanes!AT80,2)) | AZ80: =IF(ISBLANK(Lanes!AP80),"",ROUND(Lanes!AU80,2)) | BA80: =IF(ISBLANK(Lanes!AP80),"",ROUND(Lanes!AV80,2)) | BB80: =IF(ISBLANK(Lanes!AW80),"",ROUND(Lanes!AW80,2)) | BC80: =IF(ISBLANK(Lanes!AX80),"",ROUND(Lanes!AX80,2)) | BD80: =IF(ISBLANK(Lanes!AY80),"",ROUND(Lanes!AY80,2)) | BE80: =IF(ISBLANK(Lanes!AX80),"",ROUND(Lanes!AZ80,2)) | BF80: =IF(ISBLANK(Lanes!BA80),"",ROUND(Lanes!BA80,2)) | BG80: =IF(ISBLANK(Lanes!BB80),"",ROUND(Lanes!BB80,2)) | BH80: =IF(ISBLANK(Lanes!AX80),"",ROUND(Lanes!BC80,2)) | BI80: =IF(ISBLANK(Lanes!AX80),"",ROUND(Lanes!BD80,2)) | BJ80: =IF(ISBLANK(Lanes!BE80),"",Lanes!BE80) | BK80: =IF(ISBLANK(Lanes!BF80),"",Lanes!BF80) | BL80: =IF(ISBLANK(Lanes!BG80),"",Lanes!BG80) | BM80: =IF(ISBLANK(Lanes!BH80),"",Lanes!BH80) | BN80: =IF(ISBLANK(Lanes!BI80),"",Lanes!BI80) | BO80: =IF(ISBLANK(Lanes!BJ80),"",Lanes!BJ80) | BP80: =IF(ISBLANK(Lanes!BK80),"",Lanes!BK80) | BQ80: =IF(ISBLANK(Lanes!BL80),"",Lanes!BL80) | BR80: =IF(ISBLANK(Lanes!BM80),"",ROUND(Lanes!BM80,0)) | BS80: =IF(ISBLANK(Lanes!BN80),"",ROUND(Lanes!BN80,0)) | BT80: =IF(ISBLANK(Lanes!BO80),"",ROUND(Lanes!BO80,0)) | BU80: =IF(ISBLANK(Lanes!BN80),"",ROUND(Lanes!BP80,0)) | BV80: =IF(ISBLANK(Lanes!BQ80),"",ROUND(Lanes!BQ80,1)) | BW80: =IF(ISBLANK(Lanes!BR80),"",Lanes!BR80) | BX80: =IF(ISBLANK(Lanes!BS80),"",Lanes!BS80) | BY80: =IF(ISBLANK(Lanes!BT80),"",Lanes!BT80) | BZ80: =IF(ISBLANK(Lanes!BU80),"",Lanes!BU80) | CA80: =IF(ISBLANK(Lanes!BV80),"",ROUND(Lanes!BV80,1)) | CB80: =IF(ISBLANK(Lanes!BW80),"",ROUND(Lanes!BW80,2)) | CC80: =IF(ISBLANK(Lanes!BX80),"",ROUND(Lanes!BX80,1)) | CD80: =IF(ISBLANK(Lanes!BY80),"",ROUND(Lanes!BY80,2)) | CE80: =IF(ISBLANK(Lanes!BZ80),"",ROUND(Lanes!BZ80,0)) | CF80: =IF(ISBLANK(Lanes!CA80),"",ROUND(Lanes!CA80,0)) | CG80: =IF(ISBLANK(Lanes!CB80),"",ROUND(Lanes!CB80,0)) | CH80: =IF(ISBLANK(Lanes!CC80),"",ROUND(Lanes!CC80,2)) | CI80: =IF(ISBLANK(Lanes!CD80),"",ROUND(Lanes!CD80,2)) | CJ80: =IF(ISBLANK(Lanes!CE80),"",ROUND(Lanes!CE80,2)) | CK80: =IF(ISBLANK(Lanes!CF80),"",ROUND(Lanes!CF80,0)) | CL80: =IF(ISBLANK(Lanes!CG80),"",ROUND(Lanes!CG80,0)) | CM80: =IF(ISBLANK(Lanes!CH80),"",ROUND(Lanes!CH80,0)) | CN80: =IF(ISBLANK(Lanes!CI80),"",ROUND(Lanes!CI80,2)) | CO80: =IF(ISBLANK(Lanes!CJ80),"",ROUND(Lanes!CJ80,2)) | CP80: =IF(ISBLANK(Lanes!CK80),"",ROUND(Lanes!CK80,2)) | CQ80: =IF(ISBLANK(Lanes!CL80),"","delete")
A81: 1485 | B81: 1186 | C81: 1 | D81: 180 | E81: 180 | F81: Existing | G81: Port to Port | H81: 40' DV/HC | I81: Manila | J81: Manila | L81: Philippines | M81: APAC | N81: Far East | O81: Rotterdam | P81: Rotterdam | R81: Netherlands | S81: Europe | T81: Northern Europe | U81: Raw/Packs | W81: Collect | X81: Receiving Unit | AB81: 2 | AC81: 0 | AD81: No | AE81: 0.25 | AF81: 0.25 | AG81: 0.25 | AH81: 0.25 | AJ81: 7 | AK81: 10 | AL81: 0 | AN81: 7 | AO81: 14 | AP81: 0 | AR81: 0.45 | AS81: USD | AT81: =IF(ISBLANK(Lanes!AO81),"",ROUND(Lanes!AO81,2)) | AU81: =IF(ISBLANK(Lanes!AP81),"",ROUND(Lanes!AP81,2)) | AV81: =IF(ISBLANK(Lanes!AQ81),"",ROUND(Lanes!AQ81,2)) | AW81: =IF(ISBLANK(Lanes!AP81),"",ROUND(Lanes!AR81,2)) | AX81: =IF(ISBLANK(Lanes!AS81),"",ROUND(Lanes!AS81,2)) | AY81: =IF(ISBLANK(Lanes!AT81),"",ROUND(Lanes!AT81,2)) | AZ81: =IF(ISBLANK(Lanes!AP81),"",ROUND(Lanes!AU81,2)) | BA81: =IF(ISBLANK(Lanes!AP81),"",ROUND(Lanes!AV81,2)) | BB81: =IF(ISBLANK(Lanes!AW81),"",ROUND(Lanes!AW81,2)) | BC81: =IF(ISBLANK(Lanes!AX81),"",ROUND(Lanes!AX81,2)) | BD81: =IF(ISBLANK(Lanes!AY81),"",ROUND(Lanes!AY81,2)) | BE81: =IF(ISBLANK(Lanes!AX81),"",ROUND(Lanes!AZ81,2)) | BF81: =IF(ISBLANK(Lanes!BA81),"",ROUND(Lanes!BA81,2)) | BG81: =IF(ISBLANK(Lanes!BB81),"",ROUND(Lanes!BB81,2)) | BH81: =IF(ISBLANK(Lanes!AX81),"",ROUND(Lanes!BC81,2)) | BI81: =IF(ISBLANK(Lanes!AX81),"",ROUND(Lanes!BD81,2)) | BJ81: =IF(ISBLANK(Lanes!BE81),"",Lanes!BE81) | BK81: =IF(ISBLANK(Lanes!BF81),"",Lanes!BF81) | BL81: =IF(ISBLANK(Lanes!BG81),"",Lanes!BG81) | BM81: =IF(ISBLANK(Lanes!BH81),"",Lanes!BH81) | BN81: =IF(ISBLANK(Lanes!BI81),"",Lanes!BI81) | BO81: =IF(ISBLANK(Lanes!BJ81),"",Lanes!BJ81) | BP81: =IF(ISBLANK(Lanes!BK81),"",Lanes!BK81) | BQ81: =IF(ISBLANK(Lanes!BL81),"",Lanes!BL81) | BR81: =IF(ISBLANK(Lanes!BM81),"",ROUND(Lanes!BM81,0)) | BS81: =IF(ISBLANK(Lanes!BN81),"",ROUND(Lanes!BN81,0)) | BT81: =IF(ISBLANK(Lanes!BO81),"",ROUND(Lanes!BO81,0)) | BU81: =IF(ISBLANK(Lanes!BN81),"",ROUND(Lanes!BP81,0)) | BV81: =IF(ISBLANK(Lanes!BQ81),"",ROUND(Lanes!BQ81,1)) | BW81: =IF(ISBLANK(Lanes!BR81),"",Lanes!BR81) | BX81: =IF(ISBLANK(Lanes!BS81),"",Lanes!BS81) | BY81: =IF(ISBLANK(Lanes!BT81),"",Lanes!BT81) | BZ81: =IF(ISBLANK(Lanes!BU81),"",Lanes!BU81) | CA81: =IF(ISBLANK(Lanes!BV81),"",ROUND(Lanes!BV81,1)) | CB81: =IF(ISBLANK(Lanes!BW81),"",ROUND(Lanes!BW81,2)) | CC81: =IF(ISBLANK(Lanes!BX81),"",ROUND(Lanes!BX81,1)) | CD81: =IF(ISBLANK(Lanes!BY81),"",ROUND(Lanes!BY81,2)) | CE81: =IF(ISBLANK(Lanes!BZ81),"",ROUND(Lanes!BZ81,0)) | CF81: =IF(ISBLANK(Lanes!CA81),"",ROUND(Lanes!CA81,0)) | CG81: =IF(ISBLANK(Lanes!CB81),"",ROUND(Lanes!CB81,0)) | CH81: =IF(ISBLANK(Lanes!CC81),"",ROUND(Lanes!CC81,2)) | CI81: =IF(ISBLANK(Lanes!CD81),"",ROUND(Lanes!CD81,2)) | CJ81: =IF(ISBLANK(Lanes!CE81),"",ROUND(Lanes!CE81,2)) | CK81: =IF(ISBLANK(Lanes!CF81),"",ROUND(Lanes!CF81,0)) | CL81: =IF(ISBLANK(Lanes!CG81),"",ROUND(Lanes!CG81,0)) | CM81: =IF(ISBLANK(Lanes!CH81),"",ROUND(Lanes!CH81,0)) | CN81: =IF(ISBLANK(Lanes!CI81),"",ROUND(Lanes!CI81,2)) | CO81: =IF(ISBLANK(Lanes!CJ81),"",ROUND(Lanes!CJ81,2)) | CP81: =IF(ISBLANK(Lanes!CK81),"",ROUND(Lanes!CK81,2)) | CQ81: =IF(ISBLANK(Lanes!CL81),"","delete")
A82: 1486 | B82: 1187 | C82: 1 | D82: 181 | E82: 181 | F82: Existing | G82: Port to Door | H82: 40' DV/HC | I82: Penang | J82: Penang | L82: Malaysia | M82: APAC | N82: Far East | O82: Rotterdam | P82: Rotterdam | R82: Netherlands | S82: Europe | T82: Northern Europe | U82: Raw/Packs | W82: Collect | X82: Receiving Unit | AB82: 27 | AC82: 1 | AD82: No | AE82: 0.25 | AF82: 0.25 | AG82: 0.25 | AH82: 0.25 | AJ82: 6 | AK82: 14 | AL82: 0 | AN82: 7 | AO82: 14 | AP82: 0 | AR82: 0.45 | AS82: USD | AT82: =IF(ISBLANK(Lanes!AO82),"",ROUND(Lanes!AO82,2)) | AU82: =IF(ISBLANK(Lanes!AP82),"",ROUND(Lanes!AP82,2)) | AV82: =IF(ISBLANK(Lanes!AQ82),"",ROUND(Lanes!AQ82,2)) | AW82: =IF(ISBLANK(Lanes!AP82),"",ROUND(Lanes!AR82,2)) | AX82: =IF(ISBLANK(Lanes!AS82),"",ROUND(Lanes!AS82,2)) | AY82: =IF(ISBLANK(Lanes!AT82),"",ROUND(Lanes!AT82,2)) | AZ82: =IF(ISBLANK(Lanes!AP82),"",ROUND(Lanes!AU82,2)) | BA82: =IF(ISBLANK(Lanes!AP82),"",ROUND(Lanes!AV82,2)) | BB82: =IF(ISBLANK(Lanes!AW82),"",ROUND(Lanes!AW82,2)) | BC82: =IF(ISBLANK(Lanes!AX82),"",ROUND(Lanes!AX82,2)) | BD82: =IF(ISBLANK(Lanes!AY82),"",ROUND(Lanes!AY82,2)) | BE82: =IF(ISBLANK(Lanes!AX82),"",ROUND(Lanes!AZ82,2)) | BF82: =IF(ISBLANK(Lanes!BA82),"",ROUND(Lanes!BA82,2)) | BG82: =IF(ISBLANK(Lanes!BB82),"",ROUND(Lanes!BB82,2)) | BH82: =IF(ISBLANK(Lanes!AX82),"",ROUND(Lanes!BC82,2)) | BI82: =IF(ISBLANK(Lanes!AX82),"",ROUND(Lanes!BD82,2)) | BJ82: =IF(ISBLANK(Lanes!BE82),"",Lanes!BE82) | BK82: =IF(ISBLANK(Lanes!BF82),"",Lanes!BF82) | BL82: =IF(ISBLANK(Lanes!BG82),"",Lanes!BG82) | BM82: =IF(ISBLANK(Lanes!BH82),"",Lanes!BH82) | BN82: =IF(ISBLANK(Lanes!BI82),"",Lanes!BI82) | BO82: =IF(ISBLANK(Lanes!BJ82),"",Lanes!BJ82) | BP82: =IF(ISBLANK(Lanes!BK82),"",Lanes!BK82) | BQ82: =IF(ISBLANK(Lanes!BL82),"",Lanes!BL82) | BR82: =IF(ISBLANK(Lanes!BM82),"",ROUND(Lanes!BM82,0)) | BS82: =IF(ISBLANK(Lanes!BN82),"",ROUND(Lanes!BN82,0)) | BT82: =IF(ISBLANK(Lanes!BO82),"",ROUND(Lanes!BO82,0)) | BU82: =IF(ISBLANK(Lanes!BN82),"",ROUND(Lanes!BP82,0)) | BV82: =IF(ISBLANK(Lanes!BQ82),"",ROUND(Lanes!BQ82,1)) | BW82: =IF(ISBLANK(Lanes!BR82),"",Lanes!BR82) | BX82: =IF(ISBLANK(Lanes!BS82),"",Lanes!BS82) | BY82: =IF(ISBLANK(Lanes!BT82),"",Lanes!BT82) | BZ82: =IF(ISBLANK(Lanes!BU82),"",Lanes!BU82) | CA82: =IF(ISBLANK(Lanes!BV82),"",ROUND(Lanes!BV82,1)) | CB82: =IF(ISBLANK(Lanes!BW82),"",ROUND(Lanes!BW82,2)) | CC82: =IF(ISBLANK(Lanes!BX82),"",ROUND(Lanes!BX82,1)) | CD82: =IF(ISBLANK(Lanes!BY82),"",ROUND(Lanes!BY82,2)) | CE82: =IF(ISBLANK(Lanes!BZ82),"",ROUND(Lanes!BZ82,0)) | CF82: =IF(ISBLANK(Lanes!CA82),"",ROUND(Lanes!CA82,0)) | CG82: =IF(ISBLANK(Lanes!CB82),"",ROUND(Lanes!CB82,0)) | CH82: =IF(ISBLANK(Lanes!CC82),"",ROUND(Lanes!CC82,2)) | CI82: =IF(ISBLANK(Lanes!CD82),"",ROUND(Lanes!CD82,2)) | CJ82: =IF(ISBLANK(Lanes!CE82),"",ROUND(Lanes!CE82,2)) | CK82: =IF(ISBLANK(Lanes!CF82),"",ROUND(Lanes!CF82,0)) | CL82: =IF(ISBLANK(Lanes!CG82),"",ROUND(Lanes!CG82,0)) | CM82: =IF(ISBLANK(Lanes!CH82),"",ROUND(Lanes!CH82,0)) | CN82: =IF(ISBLANK(Lanes!CI82),"",ROUND(Lanes!CI82,2)) | CO82: =IF(ISBLANK(Lanes!CJ82),"",ROUND(Lanes!CJ82,2)) | CP82: =IF(ISBLANK(Lanes!CK82),"",ROUND(Lanes!CK82,2)) | CQ82: =IF(ISBLANK(Lanes!CL82),"","delete")
A83: 1487 | B83: 1188 | C83: 1 | D83: 182 | E83: 182 | F83: Existing | G83: Port to Port | H83: 40' DV/HC | I83: Shenzhen | J83: Shekou | L83: China | M83: APAC | N83: Far East | O83: Rotterdam | P83: Rotterdam | R83: Netherlands | S83: Europe | T83: Northern Europe | U83: Raw/Packs | W83: Collect | X83: Receiving Unit | AB83: 35 | AC83: 1 | AD83: No | AE83: 0.25 | AF83: 0.25 | AG83: 0.25 | AH83: 0.25 | AJ83: 6 | AK83: 14 | AL83: 0 | AN83: 7 | AO83: 15 | AP83: 0 | AR83: 0.45 | AS83: USD | AT83: =IF(ISBLANK(Lanes!AO83),"",ROUND(Lanes!AO83,2)) | AU83: =IF(ISBLANK(Lanes!AP83),"",ROUND(Lanes!AP83,2)) | AV83: =IF(ISBLANK(Lanes!AQ83),"",ROUND(Lanes!AQ83,2)) | AW83: =IF(ISBLANK(Lanes!AP83),"",ROUND(Lanes!AR83,2)) | AX83: =IF(ISBLANK(Lanes!AS83),"",ROUND(Lanes!AS83,2)) | AY83: =IF(ISBLANK(Lanes!AT83),"",ROUND(Lanes!AT83,2)) | AZ83: =IF(ISBLANK(Lanes!AP83),"",ROUND(Lanes!AU83,2)) | BA83: =IF(ISBLANK(Lanes!AP83),"",ROUND(Lanes!AV83,2)) | BB83: =IF(ISBLANK(Lanes!AW83),"",ROUND(Lanes!AW83,2)) | BC83: =IF(ISBLANK(Lanes!AX83),"",ROUND(Lanes!AX83,2)) | BD83: =IF(ISBLANK(Lanes!AY83),"",ROUND(Lanes!AY83,2)) | BE83: =IF(ISBLANK(Lanes!AX83),"",ROUND(Lanes!AZ83,2)) | BF83: =IF(ISBLANK(Lanes!BA83),"",ROUND(Lanes!BA83,2)) | BG83: =IF(ISBLANK(Lanes!BB83),"",ROUND(Lanes!BB83,2)) | BH83: =IF(ISBLANK(Lanes!AX83),"",ROUND(Lanes!BC83,2)) | BI83: =IF(ISBLANK(Lanes!AX83),"",ROUND(Lanes!BD83,2)) | BJ83: =IF(ISBLANK(Lanes!BE83),"",Lanes!BE83) | BK83: =IF(ISBLANK(Lanes!BF83),"",Lanes!BF83) | BL83: =IF(ISBLANK(Lanes!BG83),"",Lanes!BG83) | BM83: =IF(ISBLANK(Lanes!BH83),"",Lanes!BH83) | BN83: =IF(ISBLANK(Lanes!BI83),"",Lanes!BI83) | BO83: =IF(ISBLANK(Lanes!BJ83),"",Lanes!BJ83) | BP83: =IF(ISBLANK(Lanes!BK83),"",Lanes!BK83) | BQ83: =IF(ISBLANK(Lanes!BL83),"",Lanes!BL83) | BR83: =IF(ISBLANK(Lanes!BM83),"",ROUND(Lanes!BM83,0)) | BS83: =IF(ISBLANK(Lanes!BN83),"",ROUND(Lanes!BN83,0)) | BT83: =IF(ISBLANK(Lanes!BO83),"",ROUND(Lanes!BO83,0)) | BU83: =IF(ISBLANK(Lanes!BN83),"",ROUND(Lanes!BP83,0)) | BV83: =IF(ISBLANK(Lanes!BQ83),"",ROUND(Lanes!BQ83,1)) | BW83: =IF(ISBLANK(Lanes!BR83),"",Lanes!BR83) | BX83: =IF(ISBLANK(Lanes!BS83),"",Lanes!BS83) | BY83: =IF(ISBLANK(Lanes!BT83),"",Lanes!BT83) | BZ83: =IF(ISBLANK(Lanes!BU83),"",Lanes!BU83) | CA83: =IF(ISBLANK(Lanes!BV83),"",ROUND(Lanes!BV83,1)) | CB83: =IF(ISBLANK(Lanes!BW83),"",ROUND(Lanes!BW83,2)) | CC83: =IF(ISBLANK(Lanes!BX83),"",ROUND(Lanes!BX83,1)) | CD83: =IF(ISBLANK(Lanes!BY83),"",ROUND(Lanes!BY83,2)) | CE83: =IF(ISBLANK(Lanes!BZ83),"",ROUND(Lanes!BZ83,0)) | CF83: =IF(ISBLANK(Lanes!CA83),"",ROUND(Lanes!CA83,0)) | CG83: =IF(ISBLANK(Lanes!CB83),"",ROUND(Lanes!CB83,0)) | CH83: =IF(ISBLANK(Lanes!CC83),"",ROUND(Lanes!CC83,2)) | CI83: =IF(ISBLANK(Lanes!CD83),"",ROUND(Lanes!CD83,2)) | CJ83: =IF(ISBLANK(Lanes!CE83),"",ROUND(Lanes!CE83,2)) | CK83: =IF(ISBLANK(Lanes!CF83),"",ROUND(Lanes!CF83,0)) | CL83: =IF(ISBLANK(Lanes!CG83),"",ROUND(Lanes!CG83,0)) | CM83: =IF(ISBLANK(Lanes!CH83),"",ROUND(Lanes!CH83,0)) | CN83: =IF(ISBLANK(Lanes!CI83),"",ROUND(Lanes!CI83,2)) | CO83: =IF(ISBLANK(Lanes!CJ83),"",ROUND(Lanes!CJ83,2)) | CP83: =IF(ISBLANK(Lanes!CK83),"",ROUND(Lanes!CK83,2)) | CQ83: =IF(ISBLANK(Lanes!CL83),"","delete")
A84: 1488 | B84: 1195 | C84: 1 | D84: 183 | E84: 183 | F84: Existing | G84: Port to Port | H84: 40' DV/HC | I84: Yantian | J84: Yantian | L84: China | M84: APAC | N84: Far East | O84: Rotterdam | P84: Rotterdam | R84: Netherlands | S84: Europe | T84: Northern Europe | U84: Raw/Packs | W84: Collect | X84: Receiving Unit | AB84: 35 | AC84: 1 | AD84: No | AE84: 0.25 | AF84: 0.25 | AG84: 0.25 | AH84: 0.25 | AJ84: 6 | AK84: 14 | AL84: 0 | AN84: 7 | AO84: 15 | AP84: 0 | AR84: 0.45 | AS84: USD | AT84: =IF(ISBLANK(Lanes!AO84),"",ROUND(Lanes!AO84,2)) | AU84: =IF(ISBLANK(Lanes!AP84),"",ROUND(Lanes!AP84,2)) | AV84: =IF(ISBLANK(Lanes!AQ84),"",ROUND(Lanes!AQ84,2)) | AW84: =IF(ISBLANK(Lanes!AP84),"",ROUND(Lanes!AR84,2)) | AX84: =IF(ISBLANK(Lanes!AS84),"",ROUND(Lanes!AS84,2)) | AY84: =IF(ISBLANK(Lanes!AT84),"",ROUND(Lanes!AT84,2)) | AZ84: =IF(ISBLANK(Lanes!AP84),"",ROUND(Lanes!AU84,2)) | BA84: =IF(ISBLANK(Lanes!AP84),"",ROUND(Lanes!AV84,2)) | BB84: =IF(ISBLANK(Lanes!AW84),"",ROUND(Lanes!AW84,2)) | BC84: =IF(ISBLANK(Lanes!AX84),"",ROUND(Lanes!AX84,2)) | BD84: =IF(ISBLANK(Lanes!AY84),"",ROUND(Lanes!AY84,2)) | BE84: =IF(ISBLANK(Lanes!AX84),"",ROUND(Lanes!AZ84,2)) | BF84: =IF(ISBLANK(Lanes!BA84),"",ROUND(Lanes!BA84,2)) | BG84: =IF(ISBLANK(Lanes!BB84),"",ROUND(Lanes!BB84,2)) | BH84: =IF(ISBLANK(Lanes!AX84),"",ROUND(Lanes!BC84,2)) | BI84: =IF(ISBLANK(Lanes!AX84),"",ROUND(Lanes!BD84,2)) | BJ84: =IF(ISBLANK(Lanes!BE84),"",Lanes!BE84) | BK84: =IF(ISBLANK(Lanes!BF84),"",Lanes!BF84) | BL84: =IF(ISBLANK(Lanes!BG84),"",Lanes!BG84) | BM84: =IF(ISBLANK(Lanes!BH84),"",Lanes!BH84) | BN84: =IF(ISBLANK(Lanes!BI84),"",Lanes!BI84) | BO84: =IF(ISBLANK(Lanes!BJ84),"",Lanes!BJ84) | BP84: =IF(ISBLANK(Lanes!BK84),"",Lanes!BK84) | BQ84: =IF(ISBLANK(Lanes!BL84),"",Lanes!BL84) | BR84: =IF(ISBLANK(Lanes!BM84),"",ROUND(Lanes!BM84,0)) | BS84: =IF(ISBLANK(Lanes!BN84),"",ROUND(Lanes!BN84,0)) | BT84: =IF(ISBLANK(Lanes!BO84),"",ROUND(Lanes!BO84,0)) | BU84: =IF(ISBLANK(Lanes!BN84),"",ROUND(Lanes!BP84,0)) | BV84: =IF(ISBLANK(Lanes!BQ84),"",ROUND(Lanes!BQ84,1)) | BW84: =IF(ISBLANK(Lanes!BR84),"",Lanes!BR84) | BX84: =IF(ISBLANK(Lanes!BS84),"",Lanes!BS84) | BY84: =IF(ISBLANK(Lanes!BT84),"",Lanes!BT84) | BZ84: =IF(ISBLANK(Lanes!BU84),"",Lanes!BU84) | CA84: =IF(ISBLANK(Lanes!BV84),"",ROUND(Lanes!BV84,1)) | CB84: =IF(ISBLANK(Lanes!BW84),"",ROUND(Lanes!BW84,2)) | CC84: =IF(ISBLANK(Lanes!BX84),"",ROUND(Lanes!BX84,1)) | CD84: =IF(ISBLANK(Lanes!BY84),"",ROUND(Lanes!BY84,2)) | CE84: =IF(ISBLANK(Lanes!BZ84),"",ROUND(Lanes!BZ84,0)) | CF84: =IF(ISBLANK(Lanes!CA84),"",ROUND(Lanes!CA84,0)) | CG84: =IF(ISBLANK(Lanes!CB84),"",ROUND(Lanes!CB84,0)) | CH84: =IF(ISBLANK(Lanes!CC84),"",ROUND(Lanes!CC84,2)) | CI84: =IF(ISBLANK(Lanes!CD84),"",ROUND(Lanes!CD84,2)) | CJ84: =IF(ISBLANK(Lanes!CE84),"",ROUND(Lanes!CE84,2)) | CK84: =IF(ISBLANK(Lanes!CF84),"",ROUND(Lanes!CF84,0)) | CL84: =IF(ISBLANK(Lanes!CG84),"",ROUND(Lanes!CG84,0)) | CM84: =IF(ISBLANK(Lanes!CH84),"",ROUND(Lanes!CH84,0)) | CN84: =IF(ISBLANK(Lanes!CI84),"",ROUND(Lanes!CI84,2)) | CO84: =IF(ISBLANK(Lanes!CJ84),"",ROUND(Lanes!CJ84,2)) | CP84: =IF(ISBLANK(Lanes!CK84),"",ROUND(Lanes!CK84,2)) | CQ84: =IF(ISBLANK(Lanes!CL84),"","delete")
A85: 1489 | B85: 1201 | C85: 1 | D85: 184 | E85: 184 | F85: Existing | G85: Ramp to Port | H85: 20' DV | I85: Bangkok | J85: Lat Krabang (via LCB) | L85: Thailand | M85: APAC | N85: Far East | O85: HAMBURG/ BREMERHAVEN | P85: Hamburg / Bremerhaven | R85: Germany | S85: Europe | T85: Northern Europe | U85: Petfood | V85: FOB | W85: Collect | X85: Receiving Unit | AA85: Yes | AB85: 15 | AC85: 1 | AD85: No | AE85: 0.25 | AF85: 0.25 | AG85: 0.25 | AH85: 0.25 | AI85: No | AJ85: 0 | AK85: 0 | AL85: 10 | AN85: 3 | AO85: 10 | AP85: 13 | AR85: 0.45 | AS85: USD | AT85: =IF(ISBLANK(Lanes!AO85),"",ROUND(Lanes!AO85,2)) | AU85: =IF(ISBLANK(Lanes!AP85),"",ROUND(Lanes!AP85,2)) | AV85: =IF(ISBLANK(Lanes!AQ85),"",ROUND(Lanes!AQ85,2)) | AW85: =IF(ISBLANK(Lanes!AP85),"",ROUND(Lanes!AR85,2)) | AX85: =IF(ISBLANK(Lanes!AS85),"",ROUND(Lanes!AS85,2)) | AY85: =IF(ISBLANK(Lanes!AT85),"",ROUND(Lanes!AT85,2)) | AZ85: =IF(ISBLANK(Lanes!AP85),"",ROUND(Lanes!AU85,2)) | BA85: =IF(ISBLANK(Lanes!AP85),"",ROUND(Lanes!AV85,2)) | BB85: =IF(ISBLANK(Lanes!AW85),"",ROUND(Lanes!AW85,2)) | BC85: =IF(ISBLANK(Lanes!AX85),"",ROUND(Lanes!AX85,2)) | BD85: =IF(ISBLANK(Lanes!AY85),"",ROUND(Lanes!AY85,2)) | BE85: =IF(ISBLANK(Lanes!AX85),"",ROUND(Lanes!AZ85,2)) | BF85: =IF(ISBLANK(Lanes!BA85),"",ROUND(Lanes!BA85,2)) | BG85: =IF(ISBLANK(Lanes!BB85),"",ROUND(Lanes!BB85,2)) | BH85: =IF(ISBLANK(Lanes!AX85),"",ROUND(Lanes!BC85,2)) | BI85: =IF(ISBLANK(Lanes!AX85),"",ROUND(Lanes!BD85,2)) | BJ85: =IF(ISBLANK(Lanes!BE85),"",Lanes!BE85) | BK85: =IF(ISBLANK(Lanes!BF85),"",Lanes!BF85) | BL85: =IF(ISBLANK(Lanes!BG85),"",Lanes!BG85) | BM85: =IF(ISBLANK(Lanes!BH85),"",Lanes!BH85) | BN85: =IF(ISBLANK(Lanes!BI85),"",Lanes!BI85) | BO85: =IF(ISBLANK(Lanes!BJ85),"",Lanes!BJ85) | BP85: =IF(ISBLANK(Lanes!BK85),"",Lanes!BK85) | BQ85: =IF(ISBLANK(Lanes!BL85),"",Lanes!BL85) | BR85: =IF(ISBLANK(Lanes!BM85),"",ROUND(Lanes!BM85,0)) | BS85: =IF(ISBLANK(Lanes!BN85),"",ROUND(Lanes!BN85,0)) | BT85: =IF(ISBLANK(Lanes!BO85),"",ROUND(Lanes!BO85,0)) | BU85: =IF(ISBLANK(Lanes!BN85),"",ROUND(Lanes!BP85,0)) | BV85: =IF(ISBLANK(Lanes!BQ85),"",ROUND(Lanes!BQ85,1)) | BW85: =IF(ISBLANK(Lanes!BR85),"",Lanes!BR85) | BX85: =IF(ISBLANK(Lanes!BS85),"",Lanes!BS85) | BY85: =IF(ISBLANK(Lanes!BT85),"",Lanes!BT85) | BZ85: =IF(ISBLANK(Lanes!BU85),"",Lanes!BU85) | CA85: =IF(ISBLANK(Lanes!BV85),"",ROUND(Lanes!BV85,1)) | CB85: =IF(ISBLANK(Lanes!BW85),"",ROUND(Lanes!BW85,2)) | CC85: =IF(ISBLANK(Lanes!BX85),"",ROUND(Lanes!BX85,1)) | CD85: =IF(ISBLANK(Lanes!BY85),"",ROUND(Lanes!BY85,2)) | CE85: =IF(ISBLANK(Lanes!BZ85),"",ROUND(Lanes!BZ85,0)) | CF85: =IF(ISBLANK(Lanes!CA85),"",ROUND(Lanes!CA85,0)) | CG85: =IF(ISBLANK(Lanes!CB85),"",ROUND(Lanes!CB85,0)) | CH85: =IF(ISBLANK(Lanes!CC85),"",ROUND(Lanes!CC85,2)) | CI85: =IF(ISBLANK(Lanes!CD85),"",ROUND(Lanes!CD85,2)) | CJ85: =IF(ISBLANK(Lanes!CE85),"",ROUND(Lanes!CE85,2)) | CK85: =IF(ISBLANK(Lanes!CF85),"",ROUND(Lanes!CF85,0)) | CL85: =IF(ISBLANK(Lanes!CG85),"",ROUND(Lanes!CG85,0)) | CM85: =IF(ISBLANK(Lanes!CH85),"",ROUND(Lanes!CH85,0)) | CN85: =IF(ISBLANK(Lanes!CI85),"",ROUND(Lanes!CI85,2)) | CO85: =IF(ISBLANK(Lanes!CJ85),"",ROUND(Lanes!CJ85,2)) | CP85: =IF(ISBLANK(Lanes!CK85),"",ROUND(Lanes!CK85,2)) | CQ85: =IF(ISBLANK(Lanes!CL85),"","delete")
A86: 1490 | B86: 1202 | C86: 1 | D86: 185 | E86: 185 | F86: Existing | G86: Port to Port | H86: 40' DV/HC | I86: Songkhla | J86: Songkhla | L86: Thailand | M86: APAC | N86: Far East | O86: Le Havre | P86: Le Havre | R86: France | S86: Europe | T86: Northern Europe | U86: Petfood | V86: FOB | W86: Collect | X86: Receiving Unit | AA86: Yes | AB86: 40 | AC86: 1 | AD86: No | AE86: 0.25 | AF86: 0.25 | AG86: 0.25 | AH86: 0.25 | AI86: No | AJ86: 10 | AK86: 18 | AL86: 0 | AN86: 5 | AO86: 10 | AP86: 15 | AR86: 0.45 | AS86: USD | AT86: =IF(ISBLANK(Lanes!AO86),"",ROUND(Lanes!AO86,2)) | AU86: =IF(ISBLANK(Lanes!AP86),"",ROUND(Lanes!AP86,2)) | AV86: =IF(ISBLANK(Lanes!AQ86),"",ROUND(Lanes!AQ86,2)) | AW86: =IF(ISBLANK(Lanes!AP86),"",ROUND(Lanes!AR86,2)) | AX86: =IF(ISBLANK(Lanes!AS86),"",ROUND(Lanes!AS86,2)) | AY86: =IF(ISBLANK(Lanes!AT86),"",ROUND(Lanes!AT86,2)) | AZ86: =IF(ISBLANK(Lanes!AP86),"",ROUND(Lanes!AU86,2)) | BA86: =IF(ISBLANK(Lanes!AP86),"",ROUND(Lanes!AV86,2)) | BB86: =IF(ISBLANK(Lanes!AW86),"",ROUND(Lanes!AW86,2)) | BC86: =IF(ISBLANK(Lanes!AX86),"",ROUND(Lanes!AX86,2)) | BD86: =IF(ISBLANK(Lanes!AY86),"",ROUND(Lanes!AY86,2)) | BE86: =IF(ISBLANK(Lanes!AX86),"",ROUND(Lanes!AZ86,2)) | BF86: =IF(ISBLANK(Lanes!BA86),"",ROUND(Lanes!BA86,2)) | BG86: =IF(ISBLANK(Lanes!BB86),"",ROUND(Lanes!BB86,2)) | BH86: =IF(ISBLANK(Lanes!AX86),"",ROUND(Lanes!BC86,2)) | BI86: =IF(ISBLANK(Lanes!AX86),"",ROUND(Lanes!BD86,2)) | BJ86: =IF(ISBLANK(Lanes!BE86),"",Lanes!BE86) | BK86: =IF(ISBLANK(Lanes!BF86),"",Lanes!BF86) | BL86: =IF(ISBLANK(Lanes!BG86),"",Lanes!BG86) | BM86: =IF(ISBLANK(Lanes!BH86),"",Lanes!BH86) | BN86: =IF(ISBLANK(Lanes!BI86),"",Lanes!BI86) | BO86: =IF(ISBLANK(Lanes!BJ86),"",Lanes!BJ86) | BP86: =IF(ISBLANK(Lanes!BK86),"",Lanes!BK86) | BQ86: =IF(ISBLANK(Lanes!BL86),"",Lanes!BL86) | BR86: =IF(ISBLANK(Lanes!BM86),"",ROUND(Lanes!BM86,0)) | BS86: =IF(ISBLANK(Lanes!BN86),"",ROUND(Lanes!BN86,0)) | BT86: =IF(ISBLANK(Lanes!BO86),"",ROUND(Lanes!BO86,0)) | BU86: =IF(ISBLANK(Lanes!BN86),"",ROUND(Lanes!BP86,0)) | BV86: =IF(ISBLANK(Lanes!BQ86),"",ROUND(Lanes!BQ86,1)) | BW86: =IF(ISBLANK(Lanes!BR86),"",Lanes!BR86) | BX86: =IF(ISBLANK(Lanes!BS86),"",Lanes!BS86) | BY86: =IF(ISBLANK(Lanes!BT86),"",Lanes!BT86) | BZ86: =IF(ISBLANK(Lanes!BU86),"",Lanes!BU86) | CA86: =IF(ISBLANK(Lanes!BV86),"",ROUND(Lanes!BV86,1)) | CB86: =IF(ISBLANK(Lanes!BW86),"",ROUND(Lanes!BW86,2)) | CC86: =IF(ISBLANK(Lanes!BX86),"",ROUND(Lanes!BX86,1)) | CD86: =IF(ISBLANK(Lanes!BY86),"",ROUND(Lanes!BY86,2)) | CE86: =IF(ISBLANK(Lanes!BZ86),"",ROUND(Lanes!BZ86,0)) | CF86: =IF(ISBLANK(Lanes!CA86),"",ROUND(Lanes!CA86,0)) | CG86: =IF(ISBLANK(Lanes!CB86),"",ROUND(Lanes!CB86,0)) | CH86: =IF(ISBLANK(Lanes!CC86),"",ROUND(Lanes!CC86,2)) | CI86: =IF(ISBLANK(Lanes!CD86),"",ROUND(Lanes!CD86,2)) | CJ86: =IF(ISBLANK(Lanes!CE86),"",ROUND(Lanes!CE86,2)) | CK86: =IF(ISBLANK(Lanes!CF86),"",ROUND(Lanes!CF86,0)) | CL86: =IF(ISBLANK(Lanes!CG86),"",ROUND(Lanes!CG86,0)) | CM86: =IF(ISBLANK(Lanes!CH86),"",ROUND(Lanes!CH86,0)) | CN86: =IF(ISBLANK(Lanes!CI86),"",ROUND(Lanes!CI86,2)) | CO86: =IF(ISBLANK(Lanes!CJ86),"",ROUND(Lanes!CJ86,2)) | CP86: =IF(ISBLANK(Lanes!CK86),"",ROUND(Lanes!CK86,2)) | CQ86: =IF(ISBLANK(Lanes!CL86),"","delete")
A87: 1491 | B87: 1203 | C87: 1 | D87: 186 | E87: 186 | F87: Existing | G87: Port to Port | H87: 20' DV | I87: Songkhla | J87: Songkhla | L87: Thailand | M87: APAC | N87: Far East | O87: HAMBURG/ BREMERHAVEN | P87: Hamburg / Bremerhaven | R87: Germany | S87: Europe | T87: Northern Europe | U87: Petfood | V87: FOB | W87: Collect | X87: Receiving Unit | AA87: Yes | AB87: 75 | AC87: 2 | AD87: No | AE87: 0.25 | AF87: 0.25 | AG87: 0.25 | AH87: 0.25 | AI87: No | AJ87: 0 | AK87: 20 | AL87: 0 | AN87: 0 | AO87: 21 | AP87: 21 | AR87: 0.45 | AS87: USD | AT87: =IF(ISBLANK(Lanes!AO87),"",ROUND(Lanes!AO87,2)) | AU87: =IF(ISBLANK(Lanes!AP87),"",ROUND(Lanes!AP87,2)) | AV87: =IF(ISBLANK(Lanes!AQ87),"",ROUND(Lanes!AQ87,2)) | AW87: =IF(ISBLANK(Lanes!AP87),"",ROUND(Lanes!AR87,2)) | AX87: =IF(ISBLANK(Lanes!AS87),"",ROUND(Lanes!AS87,2)) | AY87: =IF(ISBLANK(Lanes!AT87),"",ROUND(Lanes!AT87,2)) | AZ87: =IF(ISBLANK(Lanes!AP87),"",ROUND(Lanes!AU87,2)) | BA87: =IF(ISBLANK(Lanes!AP87),"",ROUND(Lanes!AV87,2)) | BB87: =IF(ISBLANK(Lanes!AW87),"",ROUND(Lanes!AW87,2)) | BC87: =IF(ISBLANK(Lanes!AX87),"",ROUND(Lanes!AX87,2)) | BD87: =IF(ISBLANK(Lanes!AY87),"",ROUND(Lanes!AY87,2)) | BE87: =IF(ISBLANK(Lanes!AX87),"",ROUND(Lanes!AZ87,2)) | BF87: =IF(ISBLANK(Lanes!BA87),"",ROUND(Lanes!BA87,2)) | BG87: =IF(ISBLANK(Lanes!BB87),"",ROUND(Lanes!BB87,2)) | BH87: =IF(ISBLANK(Lanes!AX87),"",ROUND(Lanes!BC87,2)) | BI87: =IF(ISBLANK(Lanes!AX87),"",ROUND(Lanes!BD87,2)) | BJ87: =IF(ISBLANK(Lanes!BE87),"",Lanes!BE87) | BK87: =IF(ISBLANK(Lanes!BF87),"",Lanes!BF87) | BL87: =IF(ISBLANK(Lanes!BG87),"",Lanes!BG87) | BM87: =IF(ISBLANK(Lanes!BH87),"",Lanes!BH87) | BN87: =IF(ISBLANK(Lanes!BI87),"",Lanes!BI87) | BO87: =IF(ISBLANK(Lanes!BJ87),"",Lanes!BJ87) | BP87: =IF(ISBLANK(Lanes!BK87),"",Lanes!BK87) | BQ87: =IF(ISBLANK(Lanes!BL87),"",Lanes!BL87) | BR87: =IF(ISBLANK(Lanes!BM87),"",ROUND(Lanes!BM87,0)) | BS87: =IF(ISBLANK(Lanes!BN87),"",ROUND(Lanes!BN87,0)) | BT87: =IF(ISBLANK(Lanes!BO87),"",ROUND(Lanes!BO87,0)) | BU87: =IF(ISBLANK(Lanes!BN87),"",ROUND(Lanes!BP87,0)) | BV87: =IF(ISBLANK(Lanes!BQ87),"",ROUND(Lanes!BQ87,1)) | BW87: =IF(ISBLANK(Lanes!BR87),"",Lanes!BR87) | BX87: =IF(ISBLANK(Lanes!BS87),"",Lanes!BS87) | BY87: =IF(ISBLANK(Lanes!BT87),"",Lanes!BT87) | BZ87: =IF(ISBLANK(Lanes!BU87),"",Lanes!BU87) | CA87: =IF(ISBLANK(Lanes!BV87),"",ROUND(Lanes!BV87,1)) | CB87: =IF(ISBLANK(Lanes!BW87),"",ROUND(Lanes!BW87,2)) | CC87: =IF(ISBLANK(Lanes!BX87),"",ROUND(Lanes!BX87,1)) | CD87: =IF(ISBLANK(Lanes!BY87),"",ROUND(Lanes!BY87,2)) | CE87: =IF(ISBLANK(Lanes!BZ87),"",ROUND(Lanes!BZ87,0)) | CF87: =IF(ISBLANK(Lanes!CA87),"",ROUND(Lanes!CA87,0)) | CG87: =IF(ISBLANK(Lanes!CB87),"",ROUND(Lanes!CB87,0)) | CH87: =IF(ISBLANK(Lanes!CC87),"",ROUND(Lanes!CC87,2)) | CI87: =IF(ISBLANK(Lanes!CD87),"",ROUND(Lanes!CD87,2)) | CJ87: =IF(ISBLANK(Lanes!CE87),"",ROUND(Lanes!CE87,2)) | CK87: =IF(ISBLANK(Lanes!CF87),"",ROUND(Lanes!CF87,0)) | CL87: =IF(ISBLANK(Lanes!CG87),"",ROUND(Lanes!CG87,0)) | CM87: =IF(ISBLANK(Lanes!CH87),"",ROUND(Lanes!CH87,0)) | CN87: =IF(ISBLANK(Lanes!CI87),"",ROUND(Lanes!CI87,2)) | CO87: =IF(ISBLANK(Lanes!CJ87),"",ROUND(Lanes!CJ87,2)) | CP87: =IF(ISBLANK(Lanes!CK87),"",ROUND(Lanes!CK87,2)) | CQ87: =IF(ISBLANK(Lanes!CL87),"","delete")
A88: 1492 | B88: 1204 | C88: 1 | D88: 187 | E88: 187 | F88: Existing | G88: Port to Port | H88: 40' DV/HC | I88: Songkhla | J88: Songkhla | L88: Thailand | M88: APAC | N88: Far East | O88: FELIXSTOWE | P88: Felixstowe | R88: United Kingdom | S88: Europe | T88: Northern Europe | U88: Petfood | V88: FOB | W88: Collect | X88: Receiving Unit | AA88: Yes | AB88: 35 | AC88: 1 | AD88: No | AE88: 0.25 | AF88: 0.25 | AG88: 0.25 | AH88: 0.25 | AI88: No | AJ88: 10 | AK88: 18 | AL88: 0 | AN88: 5 | AO88: 5 | AP88: 10 | AR88: 0.45 | AS88: USD | AT88: =IF(ISBLANK(Lanes!AO88),"",ROUND(Lanes!AO88,2)) | AU88: =IF(ISBLANK(Lanes!AP88),"",ROUND(Lanes!AP88,2)) | AV88: =IF(ISBLANK(Lanes!AQ88),"",ROUND(Lanes!AQ88,2)) | AW88: =IF(ISBLANK(Lanes!AP88),"",ROUND(Lanes!AR88,2)) | AX88: =IF(ISBLANK(Lanes!AS88),"",ROUND(Lanes!AS88,2)) | AY88: =IF(ISBLANK(Lanes!AT88),"",ROUND(Lanes!AT88,2)) | AZ88: =IF(ISBLANK(Lanes!AP88),"",ROUND(Lanes!AU88,2)) | BA88: =IF(ISBLANK(Lanes!AP88),"",ROUND(Lanes!AV88,2)) | BB88: =IF(ISBLANK(Lanes!AW88),"",ROUND(Lanes!AW88,2)) | BC88: =IF(ISBLANK(Lanes!AX88),"",ROUND(Lanes!AX88,2)) | BD88: =IF(ISBLANK(Lanes!AY88),"",ROUND(Lanes!AY88,2)) | BE88: =IF(ISBLANK(Lanes!AX88),"",ROUND(Lanes!AZ88,2)) | BF88: =IF(ISBLANK(Lanes!BA88),"",ROUND(Lanes!BA88,2)) | BG88: =IF(ISBLANK(Lanes!BB88),"",ROUND(Lanes!BB88,2)) | BH88: =IF(ISBLANK(Lanes!AX88),"",ROUND(Lanes!BC88,2)) | BI88: =IF(ISBLANK(Lanes!AX88),"",ROUND(Lanes!BD88,2)) | BJ88: =IF(ISBLANK(Lanes!BE88),"",Lanes!BE88) | BK88: =IF(ISBLANK(Lanes!BF88),"",Lanes!BF88) | BL88: =IF(ISBLANK(Lanes!BG88),"",Lanes!BG88) | BM88: =IF(ISBLANK(Lanes!BH88),"",Lanes!BH88) | BN88: =IF(ISBLANK(Lanes!BI88),"",Lanes!BI88) | BO88: =IF(ISBLANK(Lanes!BJ88),"",Lanes!BJ88) | BP88: =IF(ISBLANK(Lanes!BK88),"",Lanes!BK88) | BQ88: =IF(ISBLANK(Lanes!BL88),"",Lanes!BL88) | BR88: =IF(ISBLANK(Lanes!BM88),"",ROUND(Lanes!BM88,0)) | BS88: =IF(ISBLANK(Lanes!BN88),"",ROUND(Lanes!BN88,0)) | BT88: =IF(ISBLANK(Lanes!BO88),"",ROUND(Lanes!BO88,0)) | BU88: =IF(ISBLANK(Lanes!BN88),"",ROUND(Lanes!BP88,0)) | BV88: =IF(ISBLANK(Lanes!BQ88),"",ROUND(Lanes!BQ88,1)) | BW88: =IF(ISBLANK(Lanes!BR88),"",Lanes!BR88) | BX88: =IF(ISBLANK(Lanes!BS88),"",Lanes!BS88) | BY88: =IF(ISBLANK(Lanes!BT88),"",Lanes!BT88) | BZ88: =IF(ISBLANK(Lanes!BU88),"",Lanes!BU88) | CA88: =IF(ISBLANK(Lanes!BV88),"",ROUND(Lanes!BV88,1)) | CB88: =IF(ISBLANK(Lanes!BW88),"",ROUND(Lanes!BW88,2)) | CC88: =IF(ISBLANK(Lanes!BX88),"",ROUND(Lanes!BX88,1)) | CD88: =IF(ISBLANK(Lanes!BY88),"",ROUND(Lanes!BY88,2)) | CE88: =IF(ISBLANK(Lanes!BZ88),"",ROUND(Lanes!BZ88,0)) | CF88: =IF(ISBLANK(Lanes!CA88),"",ROUND(Lanes!CA88,0)) | CG88: =IF(ISBLANK(Lanes!CB88),"",ROUND(Lanes!CB88,0)) | CH88: =IF(ISBLANK(Lanes!CC88),"",ROUND(Lanes!CC88,2)) | CI88: =IF(ISBLANK(Lanes!CD88),"",ROUND(Lanes!CD88,2)) | CJ88: =IF(ISBLANK(Lanes!CE88),"",ROUND(Lanes!CE88,2)) | CK88: =IF(ISBLANK(Lanes!CF88),"",ROUND(Lanes!CF88,0)) | CL88: =IF(ISBLANK(Lanes!CG88),"",ROUND(Lanes!CG88,0)) | CM88: =IF(ISBLANK(Lanes!CH88),"",ROUND(Lanes!CH88,0)) | CN88: =IF(ISBLANK(Lanes!CI88),"",ROUND(Lanes!CI88,2)) | CO88: =IF(ISBLANK(Lanes!CJ88),"",ROUND(Lanes!CJ88,2)) | CP88: =IF(ISBLANK(Lanes!CK88),"",ROUND(Lanes!CK88,2)) | CQ88: =IF(ISBLANK(Lanes!CL88),"","delete")
A89: 1493 | B89: 1205 | C89: 1 | D89: 188 | E89: 188 | F89: Existing | G89: Port to Port | H89: 40' DV/HC | I89: Songkhla | J89: Songkhla | L89: Thailand | M89: APAC | N89: Far East | O89: GENOA | P89: Genoa | R89: Italy | S89: Europe | T89: West Med | U89: Petfood | V89: FOB | W89: Collect | X89: Receiving Unit | AA89: Yes | AB89: 50 | AC89: 1 | AD89: No | AE89: 0.25 | AF89: 0.25 | AG89: 0.25 | AH89: 0.25 | AI89: No | AJ89: 0 | AK89: 20 | AL89: 0 | AN89: 0 | AO89: 21 | AP89: 21 | AR89: 0.55000000000000004 | AS89: USD | AT89: =IF(ISBLANK(Lanes!AO89),"",ROUND(Lanes!AO89,2)) | AU89: =IF(ISBLANK(Lanes!AP89),"",ROUND(Lanes!AP89,2)) | AV89: =IF(ISBLANK(Lanes!AQ89),"",ROUND(Lanes!AQ89,2)) | AW89: =IF(ISBLANK(Lanes!AP89),"",ROUND(Lanes!AR89,2)) | AX89: =IF(ISBLANK(Lanes!AS89),"",ROUND(Lanes!AS89,2)) | AY89: =IF(ISBLANK(Lanes!AT89),"",ROUND(Lanes!AT89,2)) | AZ89: =IF(ISBLANK(Lanes!AP89),"",ROUND(Lanes!AU89,2)) | BA89: =IF(ISBLANK(Lanes!AP89),"",ROUND(Lanes!AV89,2)) | BB89: =IF(ISBLANK(Lanes!AW89),"",ROUND(Lanes!AW89,2)) | BC89: =IF(ISBLANK(Lanes!AX89),"",ROUND(Lanes!AX89,2)) | BD89: =IF(ISBLANK(Lanes!AY89),"",ROUND(Lanes!AY89,2)) | BE89: =IF(ISBLANK(Lanes!AX89),"",ROUND(Lanes!AZ89,2)) | BF89: =IF(ISBLANK(Lanes!BA89),"",ROUND(Lanes!BA89,2)) | BG89: =IF(ISBLANK(Lanes!BB89),"",ROUND(Lanes!BB89,2)) | BH89: =IF(ISBLANK(Lanes!AX89),"",ROUND(Lanes!BC89,2)) | BI89: =IF(ISBLANK(Lanes!AX89),"",ROUND(Lanes!BD89,2)) | BJ89: =IF(ISBLANK(Lanes!BE89),"",Lanes!BE89) | BK89: =IF(ISBLANK(Lanes!BF89),"",Lanes!BF89) | BL89: =IF(ISBLANK(Lanes!BG89),"",Lanes!BG89) | BM89: =IF(ISBLANK(Lanes!BH89),"",Lanes!BH89) | BN89: =IF(ISBLANK(Lanes!BI89),"",Lanes!BI89) | BO89: =IF(ISBLANK(Lanes!BJ89),"",Lanes!BJ89) | BP89: =IF(ISBLANK(Lanes!BK89),"",Lanes!BK89) | BQ89: =IF(ISBLANK(Lanes!BL89),"",Lanes!BL89) | BR89: =IF(ISBLANK(Lanes!BM89),"",ROUND(Lanes!BM89,0)) | BS89: =IF(ISBLANK(Lanes!BN89),"",ROUND(Lanes!BN89,0)) | BT89: =IF(ISBLANK(Lanes!BO89),"",ROUND(Lanes!BO89,0)) | BU89: =IF(ISBLANK(Lanes!BN89),"",ROUND(Lanes!BP89,0)) | BV89: =IF(ISBLANK(Lanes!BQ89),"",ROUND(Lanes!BQ89,1)) | BW89: =IF(ISBLANK(Lanes!BR89),"",Lanes!BR89) | BX89: =IF(ISBLANK(Lanes!BS89),"",Lanes!BS89) | BY89: =IF(ISBLANK(Lanes!BT89),"",Lanes!BT89) | BZ89: =IF(ISBLANK(Lanes!BU89),"",Lanes!BU89) | CA89: =IF(ISBLANK(Lanes!BV89),"",ROUND(Lanes!BV89,1)) | CB89: =IF(ISBLANK(Lanes!BW89),"",ROUND(Lanes!BW89,2)) | CC89: =IF(ISBLANK(Lanes!BX89),"",ROUND(Lanes!BX89,1)) | CD89: =IF(ISBLANK(Lanes!BY89),"",ROUND(Lanes!BY89,2)) | CE89: =IF(ISBLANK(Lanes!BZ89),"",ROUND(Lanes!BZ89,0)) | CF89: =IF(ISBLANK(Lanes!CA89),"",ROUND(Lanes!CA89,0)) | CG89: =IF(ISBLANK(Lanes!CB89),"",ROUND(Lanes!CB89,0)) | CH89: =IF(ISBLANK(Lanes!CC89),"",ROUND(Lanes!CC89,2)) | CI89: =IF(ISBLANK(Lanes!CD89),"",ROUND(Lanes!CD89,2)) | CJ89: =IF(ISBLANK(Lanes!CE89),"",ROUND(Lanes!CE89,2)) | CK89: =IF(ISBLANK(Lanes!CF89),"",ROUND(Lanes!CF89,0)) | CL89: =IF(ISBLANK(Lanes!CG89),"",ROUND(Lanes!CG89,0)) | CM89: =IF(ISBLANK(Lanes!CH89),"",ROUND(Lanes!CH89,0)) | CN89: =IF(ISBLANK(Lanes!CI89),"",ROUND(Lanes!CI89,2)) | CO89: =IF(ISBLANK(Lanes!CJ89),"",ROUND(Lanes!CJ89,2)) | CP89: =IF(ISBLANK(Lanes!CK89),"",ROUND(Lanes!CK89,2)) | CQ89: =IF(ISBLANK(Lanes!CL89),"","delete")
A90: 1494 | B90: 1206 | C90: 1 | D90: 189 | E90: 189 | F90: Existing | G90: Port to Port | H90: 20' DV | I90: Songkhla | J90: Songkhla | L90: Thailand | M90: APAC | N90: Far East | O90: GOTHENBURG | P90: Gothenburg | R90: Sweden | S90: Europe | T90: Northern Europe | U90: Petfood | V90: FOB | W90: Collect | X90: Receiving Unit | AA90: Yes | AB90: 30 | AC90: 1 | AD90: No | AE90: 0.25 | AF90: 0.25 | AG90: 0.25 | AH90: 0.25 | AI90: No | AJ90: 5 | AK90: 5 | AL90: 0 | AN90: 5 | AO90: 15 | AP90: 20 | AR90: 0.45 | AS90: USD | AT90: =IF(ISBLANK(Lanes!AO90),"",ROUND(Lanes!AO90,2)) | AU90: =IF(ISBLANK(Lanes!AP90),"",ROUND(Lanes!AP90,2)) | AV90: =IF(ISBLANK(Lanes!AQ90),"",ROUND(Lanes!AQ90,2)) | AW90: =IF(ISBLANK(Lanes!AP90),"",ROUND(Lanes!AR90,2)) | AX90: =IF(ISBLANK(Lanes!AS90),"",ROUND(Lanes!AS90,2)) | AY90: =IF(ISBLANK(Lanes!AT90),"",ROUND(Lanes!AT90,2)) | AZ90: =IF(ISBLANK(Lanes!AP90),"",ROUND(Lanes!AU90,2)) | BA90: =IF(ISBLANK(Lanes!AP90),"",ROUND(Lanes!AV90,2)) | BB90: =IF(ISBLANK(Lanes!AW90),"",ROUND(Lanes!AW90,2)) | BC90: =IF(ISBLANK(Lanes!AX90),"",ROUND(Lanes!AX90,2)) | BD90: =IF(ISBLANK(Lanes!AY90),"",ROUND(Lanes!AY90,2)) | BE90: =IF(ISBLANK(Lanes!AX90),"",ROUND(Lanes!AZ90,2)) | BF90: =IF(ISBLANK(Lanes!BA90),"",ROUND(Lanes!BA90,2)) | BG90: =IF(ISBLANK(Lanes!BB90),"",ROUND(Lanes!BB90,2)) | BH90: =IF(ISBLANK(Lanes!AX90),"",ROUND(Lanes!BC90,2)) | BI90: =IF(ISBLANK(Lanes!AX90),"",ROUND(Lanes!BD90,2)) | BJ90: =IF(ISBLANK(Lanes!BE90),"",Lanes!BE90) | BK90: =IF(ISBLANK(Lanes!BF90),"",Lanes!BF90) | BL90: =IF(ISBLANK(Lanes!BG90),"",Lanes!BG90) | BM90: =IF(ISBLANK(Lanes!BH90),"",Lanes!BH90) | BN90: =IF(ISBLANK(Lanes!BI90),"",Lanes!BI90) | BO90: =IF(ISBLANK(Lanes!BJ90),"",Lanes!BJ90) | BP90: =IF(ISBLANK(Lanes!BK90),"",Lanes!BK90) | BQ90: =IF(ISBLANK(Lanes!BL90),"",Lanes!BL90) | BR90: =IF(ISBLANK(Lanes!BM90),"",ROUND(Lanes!BM90,0)) | BS90: =IF(ISBLANK(Lanes!BN90),"",ROUND(Lanes!BN90,0)) | BT90: =IF(ISBLANK(Lanes!BO90),"",ROUND(Lanes!BO90,0)) | BU90: =IF(ISBLANK(Lanes!BN90),"",ROUND(Lanes!BP90,0)) | BV90: =IF(ISBLANK(Lanes!BQ90),"",ROUND(Lanes!BQ90,1)) | BW90: =IF(ISBLANK(Lanes!BR90),"",Lanes!BR90) | BX90: =IF(ISBLANK(Lanes!BS90),"",Lanes!BS90) | BY90: =IF(ISBLANK(Lanes!BT90),"",Lanes!BT90) | BZ90: =IF(ISBLANK(Lanes!BU90),"",Lanes!BU90) | CA90: =IF(ISBLANK(Lanes!BV90),"",ROUND(Lanes!BV90,1)) | CB90: =IF(ISBLANK(Lanes!BW90),"",ROUND(Lanes!BW90,2)) | CC90: =IF(ISBLANK(Lanes!BX90),"",ROUND(Lanes!BX90,1)) | CD90: =IF(ISBLANK(Lanes!BY90),"",ROUND(Lanes!BY90,2)) | CE90: =IF(ISBLANK(Lanes!BZ90),"",ROUND(Lanes!BZ90,0)) | CF90: =IF(ISBLANK(Lanes!CA90),"",ROUND(Lanes!CA90,0)) | CG90: =IF(ISBLANK(Lanes!CB90),"",ROUND(Lanes!CB90,0)) | CH90: =IF(ISBLANK(Lanes!CC90),"",ROUND(Lanes!CC90,2)) | CI90: =IF(ISBLANK(Lanes!CD90),"",ROUND(Lanes!CD90,2)) | CJ90: =IF(ISBLANK(Lanes!CE90),"",ROUND(Lanes!CE90,2)) | CK90: =IF(ISBLANK(Lanes!CF90),"",ROUND(Lanes!CF90,0)) | CL90: =IF(ISBLANK(Lanes!CG90),"",ROUND(Lanes!CG90,0)) | CM90: =IF(ISBLANK(Lanes!CH90),"",ROUND(Lanes!CH90,0)) | CN90: =IF(ISBLANK(Lanes!CI90),"",ROUND(Lanes!CI90,2)) | CO90: =IF(ISBLANK(Lanes!CJ90),"",ROUND(Lanes!CJ90,2)) | CP90: =IF(ISBLANK(Lanes!CK90),"",ROUND(Lanes!CK90,2)) | CQ90: =IF(ISBLANK(Lanes!CL90),"","delete")
A91: 1495 | B91: 1208 | C91: 1 | D91: 190 | E91: 190 | F91: Existing | G91: Port to Port | H91: 20' DV | I91: Songkhla | J91: Songkhla | L91: Thailand | M91: APAC | N91: Far East | O91: ST. PETERSBURG | P91: Saint Petersburg | R91: Russian Federation | S91: CIS | T91: Northern Europe | U91: Petfood | V91: FOB | W91: Collect | X91: Receiving Unit | AA91: Yes | AB91: 10 | AC91: 1 | AD91: No | AE91: 0.25 | AF91: 0.25 | AG91: 0.25 | AH91: 0.25 | AI91: No | AJ91: 5 | AK91: 5 | AL91: 0 | AN91: 14 | AO91: 10 | AP91: 24 | AR91: 0.45 | AS91: USD | AT91: =IF(ISBLANK(Lanes!AO91),"",ROUND(Lanes!AO91,2)) | AU91: =IF(ISBLANK(Lanes!AP91),"",ROUND(Lanes!AP91,2)) | AV91: =IF(ISBLANK(Lanes!AQ91),"",ROUND(Lanes!AQ91,2)) | AW91: =IF(ISBLANK(Lanes!AP91),"",ROUND(Lanes!AR91,2)) | AX91: =IF(ISBLANK(Lanes!AS91),"",ROUND(Lanes!AS91,2)) | AY91: =IF(ISBLANK(Lanes!AT91),"",ROUND(Lanes!AT91,2)) | AZ91: =IF(ISBLANK(Lanes!AP91),"",ROUND(Lanes!AU91,2)) | BA91: =IF(ISBLANK(Lanes!AP91),"",ROUND(Lanes!AV91,2)) | BB91: =IF(ISBLANK(Lanes!AW91),"",ROUND(Lanes!AW91,2)) | BC91: =IF(ISBLANK(Lanes!AX91),"",ROUND(Lanes!AX91,2)) | BD91: =IF(ISBLANK(Lanes!AY91),"",ROUND(Lanes!AY91,2)) | BE91: =IF(ISBLANK(Lanes!AX91),"",ROUND(Lanes!AZ91,2)) | BF91: =IF(ISBLANK(Lanes!BA91),"",ROUND(Lanes!BA91,2)) | BG91: =IF(ISBLANK(Lanes!BB91),"",ROUND(Lanes!BB91,2)) | BH91: =IF(ISBLANK(Lanes!AX91),"",ROUND(Lanes!BC91,2)) | BI91: =IF(ISBLANK(Lanes!AX91),"",ROUND(Lanes!BD91,2)) | BJ91: =IF(ISBLANK(Lanes!BE91),"",Lanes!BE91) | BK91: =IF(ISBLANK(Lanes!BF91),"",Lanes!BF91) | BL91: =IF(ISBLANK(Lanes!BG91),"",Lanes!BG91) | BM91: =IF(ISBLANK(Lanes!BH91),"",Lanes!BH91) | BN91: =IF(ISBLANK(Lanes!BI91),"",Lanes!BI91) | BO91: =IF(ISBLANK(Lanes!BJ91),"",Lanes!BJ91) | BP91: =IF(ISBLANK(Lanes!BK91),"",Lanes!BK91) | BQ91: =IF(ISBLANK(Lanes!BL91),"",Lanes!BL91) | BR91: =IF(ISBLANK(Lanes!BM91),"",ROUND(Lanes!BM91,0)) | BS91: =IF(ISBLANK(Lanes!BN91),"",ROUND(Lanes!BN91,0)) | BT91: =IF(ISBLANK(Lanes!BO91),"",ROUND(Lanes!BO91,0)) | BU91: =IF(ISBLANK(Lanes!BN91),"",ROUND(Lanes!BP91,0)) | BV91: =IF(ISBLANK(Lanes!BQ91),"",ROUND(Lanes!BQ91,1)) | BW91: =IF(ISBLANK(Lanes!BR91),"",Lanes!BR91) | BX91: =IF(ISBLANK(Lanes!BS91),"",Lanes!BS91) | BY91: =IF(ISBLANK(Lanes!BT91),"",Lanes!BT91) | BZ91: =IF(ISBLANK(Lanes!BU91),"",Lanes!BU91) | CA91: =IF(ISBLANK(Lanes!BV91),"",ROUND(Lanes!BV91,1)) | CB91: =IF(ISBLANK(Lanes!BW91),"",ROUND(Lanes!BW91,2)) | CC91: =IF(ISBLANK(Lanes!BX91),"",ROUND(Lanes!BX91,1)) | CD91: =IF(ISBLANK(Lanes!BY91),"",ROUND(Lanes!BY91,2)) | CE91: =IF(ISBLANK(Lanes!BZ91),"",ROUND(Lanes!BZ91,0)) | CF91: =IF(ISBLANK(Lanes!CA91),"",ROUND(Lanes!CA91,0)) | CG91: =IF(ISBLANK(Lanes!CB91),"",ROUND(Lanes!CB91,0)) | CH91: =IF(ISBLANK(Lanes!CC91),"",ROUND(Lanes!CC91,2)) | CI91: =IF(ISBLANK(Lanes!CD91),"",ROUND(Lanes!CD91,2)) | CJ91: =IF(ISBLANK(Lanes!CE91),"",ROUND(Lanes!CE91,2)) | CK91: =IF(ISBLANK(Lanes!CF91),"",ROUND(Lanes!CF91,0)) | CL91: =IF(ISBLANK(Lanes!CG91),"",ROUND(Lanes!CG91,0)) | CM91: =IF(ISBLANK(Lanes!CH91),"",ROUND(Lanes!CH91,0)) | CN91: =IF(ISBLANK(Lanes!CI91),"",ROUND(Lanes!CI91,2)) | CO91: =IF(ISBLANK(Lanes!CJ91),"",ROUND(Lanes!CJ91,2)) | CP91: =IF(ISBLANK(Lanes!CK91),"",ROUND(Lanes!CK91,2)) | CQ91: =IF(ISBLANK(Lanes!CL91),"","delete")
A92: 1496 | B92: 1209 | C92: 1 | D92: 191 | E92: 191 | F92: Existing | G92: Port to Port | H92: 40' DV/HC | I92: Songkhla | J92: Songkhla | L92: Thailand | M92: APAC | N92: Far East | O92: HAMBURG/ BREMERHAVEN | P92: Hamburg / Bremerhaven | R92: Germany | S92: Europe | T92: Northern Europe | U92: Petfood | V92: FOB | W92: Collect | X92: Receiving Unit | AA92: Yes | AB92: 100 | AC92: 2 | AD92: No | AE92: 0.25 | AF92: 0.25 | AG92: 0.25 | AH92: 0.25 | AI92: No | AJ92: 0 | AK92: 20 | AL92: 0 | AN92: 0 | AO92: 21 | AP92: 21 | AR92: 0.45 | AS92: USD | AT92: =IF(ISBLANK(Lanes!AO92),"",ROUND(Lanes!AO92,2)) | AU92: =IF(ISBLANK(Lanes!AP92),"",ROUND(Lanes!AP92,2)) | AV92: =IF(ISBLANK(Lanes!AQ92),"",ROUND(Lanes!AQ92,2)) | AW92: =IF(ISBLANK(Lanes!AP92),"",ROUND(Lanes!AR92,2)) | AX92: =IF(ISBLANK(Lanes!AS92),"",ROUND(Lanes!AS92,2)) | AY92: =IF(ISBLANK(Lanes!AT92),"",ROUND(Lanes!AT92,2)) | AZ92: =IF(ISBLANK(Lanes!AP92),"",ROUND(Lanes!AU92,2)) | BA92: =IF(ISBLANK(Lanes!AP92),"",ROUND(Lanes!AV92,2)) | BB92: =IF(ISBLANK(Lanes!AW92),"",ROUND(Lanes!AW92,2)) | BC92: =IF(ISBLANK(Lanes!AX92),"",ROUND(Lanes!AX92,2)) | BD92: =IF(ISBLANK(Lanes!AY92),"",ROUND(Lanes!AY92,2)) | BE92: =IF(ISBLANK(Lanes!AX92),"",ROUND(Lanes!AZ92,2)) | BF92: =IF(ISBLANK(Lanes!BA92),"",ROUND(Lanes!BA92,2)) | BG92: =IF(ISBLANK(Lanes!BB92),"",ROUND(Lanes!BB92,2)) | BH92: =IF(ISBLANK(Lanes!AX92),"",ROUND(Lanes!BC92,2)) | BI92: =IF(ISBLANK(Lanes!AX92),"",ROUND(Lanes!BD92,2)) | BJ92: =IF(ISBLANK(Lanes!BE92),"",Lanes!BE92) | BK92: =IF(ISBLANK(Lanes!BF92),"",Lanes!BF92) | BL92: =IF(ISBLANK(Lanes!BG92),"",Lanes!BG92) | BM92: =IF(ISBLANK(Lanes!BH92),"",Lanes!BH92) | BN92: =IF(ISBLANK(Lanes!BI92),"",Lanes!BI92) | BO92: =IF(ISBLANK(Lanes!BJ92),"",Lanes!BJ92) | BP92: =IF(ISBLANK(Lanes!BK92),"",Lanes!BK92) | BQ92: =IF(ISBLANK(Lanes!BL92),"",Lanes!BL92) | BR92: =IF(ISBLANK(Lanes!BM92),"",ROUND(Lanes!BM92,0)) | BS92: =IF(ISBLANK(Lanes!BN92),"",ROUND(Lanes!BN92,0)) | BT92: =IF(ISBLANK(Lanes!BO92),"",ROUND(Lanes!BO92,0)) | BU92: =IF(ISBLANK(Lanes!BN92),"",ROUND(Lanes!BP92,0)) | BV92: =IF(ISBLANK(Lanes!BQ92),"",ROUND(Lanes!BQ92,1)) | BW92: =IF(ISBLANK(Lanes!BR92),"",Lanes!BR92) | BX92: =IF(ISBLANK(Lanes!BS92),"",Lanes!BS92) | BY92: =IF(ISBLANK(Lanes!BT92),"",Lanes!BT92) | BZ92: =IF(ISBLANK(Lanes!BU92),"",Lanes!BU92) | CA92: =IF(ISBLANK(Lanes!BV92),"",ROUND(Lanes!BV92,1)) | CB92: =IF(ISBLANK(Lanes!BW92),"",ROUND(Lanes!BW92,2)) | CC92: =IF(ISBLANK(Lanes!BX92),"",ROUND(Lanes!BX92,1)) | CD92: =IF(ISBLANK(Lanes!BY92),"",ROUND(Lanes!BY92,2)) | CE92: =IF(ISBLANK(Lanes!BZ92),"",ROUND(Lanes!BZ92,0)) | CF92: =IF(ISBLANK(Lanes!CA92),"",ROUND(Lanes!CA92,0)) | CG92: =IF(ISBLANK(Lanes!CB92),"",ROUND(Lanes!CB92,0)) | CH92: =IF(ISBLANK(Lanes!CC92),"",ROUND(Lanes!CC92,2)) | CI92: =IF(ISBLANK(Lanes!CD92),"",ROUND(Lanes!CD92,2)) | CJ92: =IF(ISBLANK(Lanes!CE92),"",ROUND(Lanes!CE92,2)) | CK92: =IF(ISBLANK(Lanes!CF92),"",ROUND(Lanes!CF92,0)) | CL92: =IF(ISBLANK(Lanes!CG92),"",ROUND(Lanes!CG92,0)) | CM92: =IF(ISBLANK(Lanes!CH92),"",ROUND(Lanes!CH92,0)) | CN92: =IF(ISBLANK(Lanes!CI92),"",ROUND(Lanes!CI92,2)) | CO92: =IF(ISBLANK(Lanes!CJ92),"",ROUND(Lanes!CJ92,2)) | CP92: =IF(ISBLANK(Lanes!CK92),"",ROUND(Lanes!CK92,2)) | CQ92: =IF(ISBLANK(Lanes!CL92),"","delete")
A93: 1497 | B93: 1211 | C93: 1 | D93: 192 | E93: 192 | F93: Existing | G93: Port to Port | H93: 20' DV | I93: Songkhla | J93: Songkhla | L93: Thailand | M93: APAC | N93: Far East | O93: FELIXSTOWE | P93: Felixstowe | R93: United Kingdom | S93: Europe | T93: Northern Europe | U93: Petfood | V93: FOB | W93: Collect | X93: Receiving Unit | AA93: Yes | AB93: 30 | AC93: 1 | AD93: No | AE93: 0.25 | AF93: 0.25 | AG93: 0.25 | AH93: 0.25 | AI93: No | AJ93: 10 | AK93: 18 | AL93: 0 | AN93: 5 | AO93: 5 | AP93: 10 | AR93: 0.45 | AS93: USD | AT93: =IF(ISBLANK(Lanes!AO93),"",ROUND(Lanes!AO93,2)) | AU93: =IF(ISBLANK(Lanes!AP93),"",ROUND(Lanes!AP93,2)) | AV93: =IF(ISBLANK(Lanes!AQ93),"",ROUND(Lanes!AQ93,2)) | AW93: =IF(ISBLANK(Lanes!AP93),"",ROUND(Lanes!AR93,2)) | AX93: =IF(ISBLANK(Lanes!AS93),"",ROUND(Lanes!AS93,2)) | AY93: =IF(ISBLANK(Lanes!AT93),"",ROUND(Lanes!AT93,2)) | AZ93: =IF(ISBLANK(Lanes!AP93),"",ROUND(Lanes!AU93,2)) | BA93: =IF(ISBLANK(Lanes!AP93),"",ROUND(Lanes!AV93,2)) | BB93: =IF(ISBLANK(Lanes!AW93),"",ROUND(Lanes!AW93,2)) | BC93: =IF(ISBLANK(Lanes!AX93),"",ROUND(Lanes!AX93,2)) | BD93: =IF(ISBLANK(Lanes!AY93),"",ROUND(Lanes!AY93,2)) | BE93: =IF(ISBLANK(Lanes!AX93),"",ROUND(Lanes!AZ93,2)) | BF93: =IF(ISBLANK(Lanes!BA93),"",ROUND(Lanes!BA93,2)) | BG93: =IF(ISBLANK(Lanes!BB93),"",ROUND(Lanes!BB93,2)) | BH93: =IF(ISBLANK(Lanes!AX93),"",ROUND(Lanes!BC93,2)) | BI93: =IF(ISBLANK(Lanes!AX93),"",ROUND(Lanes!BD93,2)) | BJ93: =IF(ISBLANK(Lanes!BE93),"",Lanes!BE93) | BK93: =IF(ISBLANK(Lanes!BF93),"",Lanes!BF93) | BL93: =IF(ISBLANK(Lanes!BG93),"",Lanes!BG93) | BM93: =IF(ISBLANK(Lanes!BH93),"",Lanes!BH93) | BN93: =IF(ISBLANK(Lanes!BI93),"",Lanes!BI93) | BO93: =IF(ISBLANK(Lanes!BJ93),"",Lanes!BJ93) | BP93: =IF(ISBLANK(Lanes!BK93),"",Lanes!BK93) | BQ93: =IF(ISBLANK(Lanes!BL93),"",Lanes!BL93) | BR93: =IF(ISBLANK(Lanes!BM93),"",ROUND(Lanes!BM93,0)) | BS93: =IF(ISBLANK(Lanes!BN93),"",ROUND(Lanes!BN93,0)) | BT93: =IF(ISBLANK(Lanes!BO93),"",ROUND(Lanes!BO93,0)) | BU93: =IF(ISBLANK(Lanes!BN93),"",ROUND(Lanes!BP93,0)) | BV93: =IF(ISBLANK(Lanes!BQ93),"",ROUND(Lanes!BQ93,1)) | BW93: =IF(ISBLANK(Lanes!BR93),"",Lanes!BR93) | BX93: =IF(ISBLANK(Lanes!BS93),"",Lanes!BS93) | BY93: =IF(ISBLANK(Lanes!BT93),"",Lanes!BT93) | BZ93: =IF(ISBLANK(Lanes!BU93),"",Lanes!BU93) | CA93: =IF(ISBLANK(Lanes!BV93),"",ROUND(Lanes!BV93,1)) | CB93: =IF(ISBLANK(Lanes!BW93),"",ROUND(Lanes!BW93,2)) | CC93: =IF(ISBLANK(Lanes!BX93),"",ROUND(Lanes!BX93,1)) | CD93: =IF(ISBLANK(Lanes!BY93),"",ROUND(Lanes!BY93,2)) | CE93: =IF(ISBLANK(Lanes!BZ93),"",ROUND(Lanes!BZ93,0)) | CF93: =IF(ISBLANK(Lanes!CA93),"",ROUND(Lanes!CA93,0)) | CG93: =IF(ISBLANK(Lanes!CB93),"",ROUND(Lanes!CB93,0)) | CH93: =IF(ISBLANK(Lanes!CC93),"",ROUND(Lanes!CC93,2)) | CI93: =IF(ISBLANK(Lanes!CD93),"",ROUND(Lanes!CD93,2)) | CJ93: =IF(ISBLANK(Lanes!CE93),"",ROUND(Lanes!CE93,2)) | CK93: =IF(ISBLANK(Lanes!CF93),"",ROUND(Lanes!CF93,0)) | CL93: =IF(ISBLANK(Lanes!CG93),"",ROUND(Lanes!CG93,0)) | CM93: =IF(ISBLANK(Lanes!CH93),"",ROUND(Lanes!CH93,0)) | CN93: =IF(ISBLANK(Lanes!CI93),"",ROUND(Lanes!CI93,2)) | CO93: =IF(ISBLANK(Lanes!CJ93),"",ROUND(Lanes!CJ93,2)) | CP93: =IF(ISBLANK(Lanes!CK93),"",ROUND(Lanes!CK93,2)) | CQ93: =IF(ISBLANK(Lanes!CL93),"","delete")
A94: 1498 | B94: 1212 | C94: 1 | D94: 193 | E94: 193 | F94: Existing | G94: Port to Port | H94: 20' DV | I94: Songkhla | J94: Songkhla | L94: Thailand | M94: APAC | N94: Far East | O94: Le Havre | P94: Le Havre | R94: France | S94: Europe | T94: Northern Europe | U94: Petfood | V94: FOB | W94: Collect | X94: Receiving Unit | AA94: Yes | AB94: 20 | AC94: 1 | AD94: No | AE94: 0.25 | AF94: 0.25 | AG94: 0.25 | AH94: 0.25 | AI94: No | AJ94: 10 | AK94: 18 | AL94: 0 | AN94: 5 | AO94: 10 | AP94: 15 | AR94: 0.45 | AS94: USD | AT94: =IF(ISBLANK(Lanes!AO94),"",ROUND(Lanes!AO94,2)) | AU94: =IF(ISBLANK(Lanes!AP94),"",ROUND(Lanes!AP94,2)) | AV94: =IF(ISBLANK(Lanes!AQ94),"",ROUND(Lanes!AQ94,2)) | AW94: =IF(ISBLANK(Lanes!AP94),"",ROUND(Lanes!AR94,2)) | AX94: =IF(ISBLANK(Lanes!AS94),"",ROUND(Lanes!AS94,2)) | AY94: =IF(ISBLANK(Lanes!AT94),"",ROUND(Lanes!AT94,2)) | AZ94: =IF(ISBLANK(Lanes!AP94),"",ROUND(Lanes!AU94,2)) | BA94: =IF(ISBLANK(Lanes!AP94),"",ROUND(Lanes!AV94,2)) | BB94: =IF(ISBLANK(Lanes!AW94),"",ROUND(Lanes!AW94,2)) | BC94: =IF(ISBLANK(Lanes!AX94),"",ROUND(Lanes!AX94,2)) | BD94: =IF(ISBLANK(Lanes!AY94),"",ROUND(Lanes!AY94,2)) | BE94: =IF(ISBLANK(Lanes!AX94),"",ROUND(Lanes!AZ94,2)) | BF94: =IF(ISBLANK(Lanes!BA94),"",ROUND(Lanes!BA94,2)) | BG94: =IF(ISBLANK(Lanes!BB94),"",ROUND(Lanes!BB94,2)) | BH94: =IF(ISBLANK(Lanes!AX94),"",ROUND(Lanes!BC94,2)) | BI94: =IF(ISBLANK(Lanes!AX94),"",ROUND(Lanes!BD94,2)) | BJ94: =IF(ISBLANK(Lanes!BE94),"",Lanes!BE94) | BK94: =IF(ISBLANK(Lanes!BF94),"",Lanes!BF94) | BL94: =IF(ISBLANK(Lanes!BG94),"",Lanes!BG94) | BM94: =IF(ISBLANK(Lanes!BH94),"",Lanes!BH94) | BN94: =IF(ISBLANK(Lanes!BI94),"",Lanes!BI94) | BO94: =IF(ISBLANK(Lanes!BJ94),"",Lanes!BJ94) | BP94: =IF(ISBLANK(Lanes!BK94),"",Lanes!BK94) | BQ94: =IF(ISBLANK(Lanes!BL94),"",Lanes!BL94) | BR94: =IF(ISBLANK(Lanes!BM94),"",ROUND(Lanes!BM94,0)) | BS94: =IF(ISBLANK(Lanes!BN94),"",ROUND(Lanes!BN94,0)) | BT94: =IF(ISBLANK(Lanes!BO94),"",ROUND(Lanes!BO94,0)) | BU94: =IF(ISBLANK(Lanes!BN94),"",ROUND(Lanes!BP94,0)) | BV94: =IF(ISBLANK(Lanes!BQ94),"",ROUND(Lanes!BQ94,1)) | BW94: =IF(ISBLANK(Lanes!BR94),"",Lanes!BR94) | BX94: =IF(ISBLANK(Lanes!BS94),"",Lanes!BS94) | BY94: =IF(ISBLANK(Lanes!BT94),"",Lanes!BT94) | BZ94: =IF(ISBLANK(Lanes!BU94),"",Lanes!BU94) | CA94: =IF(ISBLANK(Lanes!BV94),"",ROUND(Lanes!BV94,1)) | CB94: =IF(ISBLANK(Lanes!BW94),"",ROUND(Lanes!BW94,2)) | CC94: =IF(ISBLANK(Lanes!BX94),"",ROUND(Lanes!BX94,1)) | CD94: =IF(ISBLANK(Lanes!BY94),"",ROUND(Lanes!BY94,2)) | CE94: =IF(ISBLANK(Lanes!BZ94),"",ROUND(Lanes!BZ94,0)) | CF94: =IF(ISBLANK(Lanes!CA94),"",ROUND(Lanes!CA94,0)) | CG94: =IF(ISBLANK(Lanes!CB94),"",ROUND(Lanes!CB94,0)) | CH94: =IF(ISBLANK(Lanes!CC94),"",ROUND(Lanes!CC94,2)) | CI94: =IF(ISBLANK(Lanes!CD94),"",ROUND(Lanes!CD94,2)) | CJ94: =IF(ISBLANK(Lanes!CE94),"",ROUND(Lanes!CE94,2)) | CK94: =IF(ISBLANK(Lanes!CF94),"",ROUND(Lanes!CF94,0)) | CL94: =IF(ISBLANK(Lanes!CG94),"",ROUND(Lanes!CG94,0)) | CM94: =IF(ISBLANK(Lanes!CH94),"",ROUND(Lanes!CH94,0)) | CN94: =IF(ISBLANK(Lanes!CI94),"",ROUND(Lanes!CI94,2)) | CO94: =IF(ISBLANK(Lanes!CJ94),"",ROUND(Lanes!CJ94,2)) | CP94: =IF(ISBLANK(Lanes!CK94),"",ROUND(Lanes!CK94,2)) | CQ94: =IF(ISBLANK(Lanes!CL94),"","delete")
A95: 1499 | B95: 1213 | C95: 1 | D95: 194 | E95: 194 | F95: Existing | G95: Port to Port | H95: 20' DV | I95: Songkhla | J95: Songkhla | L95: Thailand | M95: APAC | N95: Far East | O95: GENOA | P95: Genoa | R95: Italy | S95: Europe | T95: West Med | U95: Petfood | V95: FOB | W95: Collect | X95: Receiving Unit | AA95: Yes | AB95: 8 | AC95: 1 | AD95: No | AE95: 0.25 | AF95: 0.25 | AG95: 0.25 | AH95: 0.25 | AI95: No | AJ95: 0 | AK95: 20 | AL95: 0 | AN95: 0 | AO95: 21 | AP95: 21 | AR95: 0.55000000000000004 | AS95: USD | AT95: =IF(ISBLANK(Lanes!AO95),"",ROUND(Lanes!AO95,2)) | AU95: =IF(ISBLANK(Lanes!AP95),"",ROUND(Lanes!AP95,2)) | AV95: =IF(ISBLANK(Lanes!AQ95),"",ROUND(Lanes!AQ95,2)) | AW95: =IF(ISBLANK(Lanes!AP95),"",ROUND(Lanes!AR95,2)) | AX95: =IF(ISBLANK(Lanes!AS95),"",ROUND(Lanes!AS95,2)) | AY95: =IF(ISBLANK(Lanes!AT95),"",ROUND(Lanes!AT95,2)) | AZ95: =IF(ISBLANK(Lanes!AP95),"",ROUND(Lanes!AU95,2)) | BA95: =IF(ISBLANK(Lanes!AP95),"",ROUND(Lanes!AV95,2)) | BB95: =IF(ISBLANK(Lanes!AW95),"",ROUND(Lanes!AW95,2)) | BC95: =IF(ISBLANK(Lanes!AX95),"",ROUND(Lanes!AX95,2)) | BD95: =IF(ISBLANK(Lanes!AY95),"",ROUND(Lanes!AY95,2)) | BE95: =IF(ISBLANK(Lanes!AX95),"",ROUND(Lanes!AZ95,2)) | BF95: =IF(ISBLANK(Lanes!BA95),"",ROUND(Lanes!BA95,2)) | BG95: =IF(ISBLANK(Lanes!BB95),"",ROUND(Lanes!BB95,2)) | BH95: =IF(ISBLANK(Lanes!AX95),"",ROUND(Lanes!BC95,2)) | BI95: =IF(ISBLANK(Lanes!AX95),"",ROUND(Lanes!BD95,2)) | BJ95: =IF(ISBLANK(Lanes!BE95),"",Lanes!BE95) | BK95: =IF(ISBLANK(Lanes!BF95),"",Lanes!BF95) | BL95: =IF(ISBLANK(Lanes!BG95),"",Lanes!BG95) | BM95: =IF(ISBLANK(Lanes!BH95),"",Lanes!BH95) | BN95: =IF(ISBLANK(Lanes!BI95),"",Lanes!BI95) | BO95: =IF(ISBLANK(Lanes!BJ95),"",Lanes!BJ95) | BP95: =IF(ISBLANK(Lanes!BK95),"",Lanes!BK95) | BQ95: =IF(ISBLANK(Lanes!BL95),"",Lanes!BL95) | BR95: =IF(ISBLANK(Lanes!BM95),"",ROUND(Lanes!BM95,0)) | BS95: =IF(ISBLANK(Lanes!BN95),"",ROUND(Lanes!BN95,0)) | BT95: =IF(ISBLANK(Lanes!BO95),"",ROUND(Lanes!BO95,0)) | BU95: =IF(ISBLANK(Lanes!BN95),"",ROUND(Lanes!BP95,0)) | BV95: =IF(ISBLANK(Lanes!BQ95),"",ROUND(Lanes!BQ95,1)) | BW95: =IF(ISBLANK(Lanes!BR95),"",Lanes!BR95) | BX95: =IF(ISBLANK(Lanes!BS95),"",Lanes!BS95) | BY95: =IF(ISBLANK(Lanes!BT95),"",Lanes!BT95) | BZ95: =IF(ISBLANK(Lanes!BU95),"",Lanes!BU95) | CA95: =IF(ISBLANK(Lanes!BV95),"",ROUND(Lanes!BV95,1)) | CB95: =IF(ISBLANK(Lanes!BW95),"",ROUND(Lanes!BW95,2)) | CC95: =IF(ISBLANK(Lanes!BX95),"",ROUND(Lanes!BX95,1)) | CD95: =IF(ISBLANK(Lanes!BY95),"",ROUND(Lanes!BY95,2)) | CE95: =IF(ISBLANK(Lanes!BZ95),"",ROUND(Lanes!BZ95,0)) | CF95: =IF(ISBLANK(Lanes!CA95),"",ROUND(Lanes!CA95,0)) | CG95: =IF(ISBLANK(Lanes!CB95),"",ROUND(Lanes!CB95,0)) | CH95: =IF(ISBLANK(Lanes!CC95),"",ROUND(Lanes!CC95,2)) | CI95: =IF(ISBLANK(Lanes!CD95),"",ROUND(Lanes!CD95,2)) | CJ95: =IF(ISBLANK(Lanes!CE95),"",ROUND(Lanes!CE95,2)) | CK95: =IF(ISBLANK(Lanes!CF95),"",ROUND(Lanes!CF95,0)) | CL95: =IF(ISBLANK(Lanes!CG95),"",ROUND(Lanes!CG95,0)) | CM95: =IF(ISBLANK(Lanes!CH95),"",ROUND(Lanes!CH95,0)) | CN95: =IF(ISBLANK(Lanes!CI95),"",ROUND(Lanes!CI95,2)) | CO95: =IF(ISBLANK(Lanes!CJ95),"",ROUND(Lanes!CJ95,2)) | CP95: =IF(ISBLANK(Lanes!CK95),"",ROUND(Lanes!CK95,2)) | CQ95: =IF(ISBLANK(Lanes!CL95),"","delete")
A96: 1500 | B96: 1215 | C96: 1 | D96: 195 | E96: 195 | F96: Existing | G96: Port to Port | H96: 40' RF | I96: Shanghai | J96: Shanghai | L96: China | M96: APAC | N96: Far East | O96: Southampton | P96: Southampton | R96: United Kingdom | S96: Europe | T96: Northern Europe | U96: Gum/Confectionary | V96: FOB | W96: Collect | X96: Receiving Unit | AA96: Yes | AB96: 15 | AC96: 1 | AD96: No | AE96: 0.25 | AF96: 0.25 | AG96: 0.25 | AH96: 0.25 | AI96: No | AJ96: 6 | AK96: 6 | AL96: 0 | AN96: 5 | AO96: 7 | AP96: 0 | AR96: 0.45 | AS96: USD | AT96: =IF(ISBLANK(Lanes!AO96),"",ROUND(Lanes!AO96,2)) | AU96: =IF(ISBLANK(Lanes!AP96),"",ROUND(Lanes!AP96,2)) | AV96: =IF(ISBLANK(Lanes!AQ96),"",ROUND(Lanes!AQ96,2)) | AW96: =IF(ISBLANK(Lanes!AP96),"",ROUND(Lanes!AR96,2)) | AX96: =IF(ISBLANK(Lanes!AS96),"",ROUND(Lanes!AS96,2)) | AY96: =IF(ISBLANK(Lanes!AT96),"",ROUND(Lanes!AT96,2)) | AZ96: =IF(ISBLANK(Lanes!AP96),"",ROUND(Lanes!AU96,2)) | BA96: =IF(ISBLANK(Lanes!AP96),"",ROUND(Lanes!AV96,2)) | BB96: =IF(ISBLANK(Lanes!AW96),"",ROUND(Lanes!AW96,2)) | BC96: =IF(ISBLANK(Lanes!AX96),"",ROUND(Lanes!AX96,2)) | BD96: =IF(ISBLANK(Lanes!AY96),"",ROUND(Lanes!AY96,2)) | BE96: =IF(ISBLANK(Lanes!AX96),"",ROUND(Lanes!AZ96,2)) | BF96: =IF(ISBLANK(Lanes!BA96),"",ROUND(Lanes!BA96,2)) | BG96: =IF(ISBLANK(Lanes!BB96),"",ROUND(Lanes!BB96,2)) | BH96: =IF(ISBLANK(Lanes!AX96),"",ROUND(Lanes!BC96,2)) | BI96: =IF(ISBLANK(Lanes!AX96),"",ROUND(Lanes!BD96,2)) | BJ96: =IF(ISBLANK(Lanes!BE96),"",Lanes!BE96) | BK96: =IF(ISBLANK(Lanes!BF96),"",Lanes!BF96) | BL96: =IF(ISBLANK(Lanes!BG96),"",Lanes!BG96) | BM96: =IF(ISBLANK(Lanes!BH96),"",Lanes!BH96) | BN96: =IF(ISBLANK(Lanes!BI96),"",Lanes!BI96) | BO96: =IF(ISBLANK(Lanes!BJ96),"",Lanes!BJ96) | BP96: =IF(ISBLANK(Lanes!BK96),"",Lanes!BK96) | BQ96: =IF(ISBLANK(Lanes!BL96),"",Lanes!BL96) | BR96: =IF(ISBLANK(Lanes!BM96),"",ROUND(Lanes!BM96,0)) | BS96: =IF(ISBLANK(Lanes!BN96),"",ROUND(Lanes!BN96,0)) | BT96: =IF(ISBLANK(Lanes!BO96),"",ROUND(Lanes!BO96,0)) | BU96: =IF(ISBLANK(Lanes!BN96),"",ROUND(Lanes!BP96,0)) | BV96: =IF(ISBLANK(Lanes!BQ96),"",ROUND(Lanes!BQ96,1)) | BW96: =IF(ISBLANK(Lanes!BR96),"",Lanes!BR96) | BX96: =IF(ISBLANK(Lanes!BS96),"",Lanes!BS96) | BY96: =IF(ISBLANK(Lanes!BT96),"",Lanes!BT96) | BZ96: =IF(ISBLANK(Lanes!BU96),"",Lanes!BU96) | CA96: =IF(ISBLANK(Lanes!BV96),"",ROUND(Lanes!BV96,1)) | CB96: =IF(ISBLANK(Lanes!BW96),"",ROUND(Lanes!BW96,2)) | CC96: =IF(ISBLANK(Lanes!BX96),"",ROUND(Lanes!BX96,1)) | CD96: =IF(ISBLANK(Lanes!BY96),"",ROUND(Lanes!BY96,2)) | CE96: =IF(ISBLANK(Lanes!BZ96),"",ROUND(Lanes!BZ96,0)) | CF96: =IF(ISBLANK(Lanes!CA96),"",ROUND(Lanes!CA96,0)) | CG96: =IF(ISBLANK(Lanes!CB96),"",ROUND(Lanes!CB96,0)) | CH96: =IF(ISBLANK(Lanes!CC96),"",ROUND(Lanes!CC96,2)) | CI96: =IF(ISBLANK(Lanes!CD96),"",ROUND(Lanes!CD96,2)) | CJ96: =IF(ISBLANK(Lanes!CE96),"",ROUND(Lanes!CE96,2)) | CK96: =IF(ISBLANK(Lanes!CF96),"",ROUND(Lanes!CF96,0)) | CL96: =IF(ISBLANK(Lanes!CG96),"",ROUND(Lanes!CG96,0)) | CM96: =IF(ISBLANK(Lanes!CH96),"",ROUND(Lanes!CH96,0)) | CN96: =IF(ISBLANK(Lanes!CI96),"",ROUND(Lanes!CI96,2)) | CO96: =IF(ISBLANK(Lanes!CJ96),"",ROUND(Lanes!CJ96,2)) | CP96: =IF(ISBLANK(Lanes!CK96),"",ROUND(Lanes!CK96,2)) | CQ96: =IF(ISBLANK(Lanes!CL96),"","delete")
... A129: 1533 | B129: 1283 | C129: 1 | D129: 228 | E129: 228 | F129: Existing | G129: Port to Port | H129: 40' RF | I129: Shanghai | J129: Shanghai | L129: China | M129: APAC | N129: Far East | O129: Melbourne | P129: Melbourne | R129: Australia | S129: APAC | T129: Oceania | U129: Confectionary | V129: FOB | W129: Collect | X129: Receiving Unit | AA129: Yes | AB129: 120 | AC129: 3 | AD129: Yes | AE129: 0.6 | AF129: 0.2 | AG129: 0.1 | AH129: 0.1 | AI129: No | AJ129: 10 | AK129: 7 | AL129: 17 | AN129: 8 | AO129: 10 | AP129: 0 | AR129: 0.46 | AS129: USD | AT129: =IF(ISBLANK(Lanes!AO129),"",ROUND(Lanes!AO129,2)) | AU129: =IF(ISBLANK(Lanes!AP129),"",ROUND(Lanes!AP129,2)) | AV129: =IF(ISBLANK(Lanes!AQ129),"",ROUND(Lanes!AQ129,2)) | AW129: =IF(ISBLANK(Lanes!AP129),"",ROUND(Lanes!AR129,2)) | AX129: =IF(ISBLANK(Lanes!AS129),"",ROUND(Lanes!AS129,2)) | AY129: =IF(ISBLANK(Lanes!AT129),"",ROUND(Lanes!AT129,2)) | AZ129: =IF(ISBLANK(Lanes!AP129),"",ROUND(Lanes!AU129,2)) | BA129: =IF(ISBLANK(Lanes!AP129),"",ROUND(Lanes!AV129,2)) | BB129: =IF(ISBLANK(Lanes!AW129),"",ROUND(Lanes!AW129,2)) | BC129: =IF(ISBLANK(Lanes!AX129),"",ROUND(Lanes!AX129,2)) | BD129: =IF(ISBLANK(Lanes!AY129),"",ROUND(Lanes!AY129,2)) | BE129: =IF(ISBLANK(Lanes!AX129),"",ROUND(Lanes!AZ129,2)) | BF129: =IF(ISBLANK(Lanes!BA129),"",ROUND(Lanes!BA129,2)) | BG129: =IF(ISBLANK(Lanes!BB129),"",ROUND(Lanes!BB129,2)) | BH129: =IF(ISBLANK(Lanes!AX129),"",ROUND(Lanes!BC129,2)) | BI129: =IF(ISBLANK(Lanes!AX129),"",ROUND(Lanes!BD129,2)) | BJ129: =IF(ISBLANK(Lanes!BE129),"",Lanes!BE129) | BK129: =IF(ISBLANK(Lanes!BF129),"",Lanes!BF129) | BL129: =IF(ISBLANK(Lanes!BG129),"",Lanes!BG129) | BM129: =IF(ISBLANK(Lanes!BH129),"",Lanes!BH129) | BN129: =IF(ISBLANK(Lanes!BI129),"",Lanes!BI129) | BO129: =IF(ISBLANK(Lanes!BJ129),"",Lanes!BJ129) | BP129: =IF(ISBLANK(Lanes!BK129),"",Lanes!BK129) | BQ129: =IF(ISBLANK(Lanes!BL129),"",Lanes!BL129) | BR129: =IF(ISBLANK(Lanes!BM129),"",ROUND(Lanes!BM129,0)) | BS129: =IF(ISBLANK(Lanes!BN129),"",ROUND(Lanes!BN129,0)) | BT129: =IF(ISBLANK(Lanes!BO129),"",ROUND(Lanes!BO129,0)) | BU129: =IF(ISBLANK(Lanes!BN129),"",ROUND(Lanes!BP129,0)) | BV129: =IF(ISBLANK(Lanes!BQ129),"",ROUND(Lanes!BQ129,1)) | BW129: =IF(ISBLANK(Lanes!BR129),"",Lanes!BR129) | BX129: =IF(ISBLANK(Lanes!BS129),"",Lanes!BS129) | BY129: =IF(ISBLANK(Lanes!BT129),"",Lanes!BT129) | BZ129: =IF(ISBLANK(Lanes!BU129),"",Lanes!BU129) | CA129: =IF(ISBLANK(Lanes!BV129),"",ROUND(Lanes!BV129,1)) | CB129: =IF(ISBLANK(Lanes!BW129),"",ROUND(Lanes!BW129,2)) | CC129: =IF(ISBLANK(Lanes!BX129),"",ROUND(Lanes!BX129,1)) | CD129: =IF(ISBLANK(Lanes!BY129),"",ROUND(Lanes!BY129,2)) | CE129: =IF(ISBLANK(Lanes!BZ129),"",ROUND(Lanes!BZ129,0)) | CF129: =IF(ISBLANK(Lanes!CA129),"",ROUND(Lanes!CA129,0)) | CG129: =IF(ISBLANK(Lanes!CB129),"",ROUND(Lanes!CB129,0)) | CH129: =IF(ISBLANK(Lanes!CC129),"",ROUND(Lanes!CC129,2)) | CI129: =IF(ISBLANK(Lanes!CD129),"",ROUND(Lanes!CD129,2)) | CJ129: =IF(ISBLANK(Lanes!CE129),"",ROUND(Lanes!CE129,2)) | CK129: =IF(ISBLANK(Lanes!CF129),"",ROUND(Lanes!CF129,0)) | CL129: =IF(ISBLANK(Lanes!CG129),"",ROUND(Lanes!CG129,0)) | CM129: =IF(ISBLANK(Lanes!CH129),"",ROUND(Lanes!CH129,0)) | CN129: =IF(ISBLANK(Lanes!CI129),"",ROUND(Lanes!CI129,2)) | CO129: =IF(ISBLANK(Lanes!CJ129),"",ROUND(Lanes!CJ129,2)) | CP129: =IF(ISBLANK(Lanes!CK129),"",ROUND(Lanes!CK129,2)) | CQ129: =IF(ISBLANK(Lanes!CL129),"","delete")
